gate_name,gate_type,output,inputs,input_count,is_sequential,is_constant_input,has_bus_signal,level_to_input,level_to_output,level_to_output_ff,level_to_input_ff,and_gates_fanin,or_gates_fanin,nand_gates_fanin,nor_gates_fanin,not_gates_fanin,buf_gates_fanin,xor_gates_fanin,xnor_gates_fanin,diff_gates_fanin,and_gates_fanout,or_gates_fanout,nand_gates_fanout,nor_gates_fanout,not_gates_fanout,buf_gates_fanout,xor_gates_fanout,xnor_gates_fanout,diff_gates_fanout
g0,dff,n21[2],"n1, 1'b1, n0, n109",4,1,1,1,1,6,0,1,0,0,0,0,0,0,0,0,0,0,0,0,0,0,0,0,0,0
g1,dff,n30[13],"n1, 1'b1, n0, n30[5]",4,1,1,1,1,7,0,1,0,0,0,0,0,0,0,0,0,0,0,0,0,0,0,0,0,0
g2,or,n416,"n239, n410",2,0,0,0,4,6,2,4,0,5,0,1,0,0,0,0,0,0,43,0,29,57,0,2,8,0
g3,not,n60,n30[14],1,0,0,1,2,7,6,2,0,3,0,1,1,0,1,0,0,0,0,0,0,1,0,0,0,0
g4,dff,n17[7],"n1, 1'b1, n0, n27[7]",4,1,1,1,1,7,0,1,0,0,0,0,0,0,0,0,0,0,0,0,0,0,0,0,0,0
g5,not,n485,n18[2],1,0,0,1,2,5,5,2,0,34,0,13,7,0,1,6,0,0,0,0,0,1,0,0,0,0
g6,not,n186,n31[2],1,0,0,1,2,10,5,2,0,6,0,2,2,0,0,0,0,0,0,0,0,1,0,0,0,0
g7,xnor,n113,"n2[2], n3[2]",2,0,0,1,1,9,2,-1,0,0,0,0,0,0,0,2,0,0,0,0,0,0,0,0,0,0
g8,dff,n39[2],"n1, 1'b1, n0, n96",4,1,1,1,1,8,0,1,0,0,0,0,0,0,0,0,0,0,0,0,0,0,0,0,0,0
g9,xor,n138,"n2[5], n3[5]",2,0,0,1,1,8,1,0,0,0,0,0,0,0,1,0,0,0,0,0,0,0,0,0,0,0
g10,dff,n30[8],"n1, 1'b1, n0, n30[0]",4,1,1,1,1,7,0,1,0,0,0,0,0,0,0,0,0,0,0,0,0,0,0,0,0,0
g11,nor,n239,"n181, n214",2,0,0,0,3,7,3,3,0,5,0,2,0,0,0,0,0,0,2,0,1,4,0,0,0,0
g12,dff,n29[3],"n1, 1'b1, n0, n29[1]",4,1,1,1,1,8,0,0,0,0,0,0,0,0,0,0,0,0,0,0,0,0,0,0,0,0
g13,or,n65,"n53, n30[11]",2,0,0,1,2,6,5,2,0,3,0,1,0,0,1,0,0,0,1,0,0,1,0,0,0,0
g14,dff,n40[0],"n1, 1'b1, n0, n93",4,1,1,1,1,8,0,1,0,0,0,0,0,0,0,0,0,0,0,0,0,0,0,0,0,0
g15,or,n529,"n525, n524",2,0,0,0,6,3,3,4,0,2,0,1,0,0,0,0,0,0,3,0,0,4,0,0,0,0
g16,nor,n351,"n347, n343",2,0,0,0,6,2,2,5,0,13,0,9,1,0,0,0,0,0,18,0,13,24,0,0,0,0
g17,nor,n252,"n194, n212",2,0,0,0,3,8,4,3,0,6,0,2,0,0,0,0,0,0,2,0,1,3,0,0,0,0
g18,nor,n259,"n434, n216",2,0,0,0,3,4,4,3,0,34,0,13,6,0,1,6,0,0,1,0,2,3,0,0,0,0
g19,nor,n350,"n338, n336",2,0,0,0,6,2,2,6,0,3,0,3,2,0,0,0,0,0,18,0,13,24,0,0,0,0
g20,xnor,n391,"n30[0], n380",2,0,0,1,2,11,6,1,0,11,0,6,3,0,0,1,0,0,19,0,12,24,0,1,4,0
g21,xnor,n170,"n121, n32[3]",2,0,0,1,2,11,1,0,0,0,0,0,0,0,0,1,0,0,0,0,0,0,0,0,2,0
g22,not,n439,n19[3],1,0,0,1,2,5,5,2,0,34,0,13,2,0,1,6,0,0,0,0,0,1,0,0,0,0
g23,nor,n233,"n463, n212",2,0,0,0,3,5,5,2,0,15,0,10,4,0,0,0,0,0,2,0,1,3,0,0,0,0
g24,or,n68,"n55, n30[0]",2,0,0,1,2,6,5,1,0,3,0,1,0,0,1,0,0,0,1,0,0,1,0,0,0,0
g25,not,n467,n22[2],1,0,0,1,2,5,5,1,0,26,0,11,6,0,1,4,0,0,0,0,0,1,0,0,0,0
g26,not,n474,n22[7],1,0,0,1,2,6,6,1,0,15,0,10,2,0,0,0,0,0,0,0,0,1,0,0,0,0
g27,nor,n227,"n466, n212",2,0,0,0,3,5,5,2,0,15,0,10,1,0,0,0,0,0,2,0,1,3,0,0,0,0
g28,or,n533,"n530, n531",2,0,0,0,5,2,2,3,0,1,0,1,0,0,0,0,0,0,285,0,196,354,0,9,33,0
g29,dff,n15[3],"n1, 1'b1, n0, n137",4,1,1,1,1,6,0,1,0,0,0,0,0,0,0,0,0,0,0,0,0,0,0,0,0,0
g30,dff,n21[6],"n1, 1'b1, n0, n26[6]",4,1,1,1,1,7,0,1,0,0,0,0,0,0,0,0,0,0,0,0,0,0,0,0,0,0
g31,dff,n42[2],"n1, 1'b1, n0, n85",4,1,1,1,1,8,0,1,0,0,0,0,0,0,0,0,0,0,0,0,0,0,0,0,0,0
g32,nor,n242,"n460, n213",2,0,0,0,3,5,5,2,0,15,0,10,1,0,0,0,0,0,1,0,2,4,0,0,0,0
g33,dff,n42[3],"n1, 1'b1, n0, n84",4,1,1,1,1,8,0,1,0,0,0,0,0,0,0,0,0,0,0,0,0,0,0,0,0,0
g34,dff,n25[3],"n1, 1'b1, n0, n25[1]",4,1,1,1,1,8,0,0,0,0,0,0,0,0,0,0,0,0,0,0,0,0,0,0,0,0
g35,nor,n366,"n356, n364",2,0,0,0,4,6,2,3,0,4,0,2,0,0,0,0,0,0,37,0,32,52,0,0,0,0
g36,xor,n131,"n16[1], n39[1]",2,0,0,1,2,7,1,0,0,0,0,0,0,0,1,0,0,0,0,0,0,0,0,1,0,0
g37,xor,n83,"n43[2], n7[0]",2,0,0,1,1,9,1,0,0,0,0,0,0,0,1,0,0,0,0,0,0,0,0,1,0,0
g38,nor,n206,"n37[0], n204",2,0,0,1,2,10,6,2,0,13,0,5,1,0,0,0,0,0,0,0,2,1,0,0,0,0
g39,not,n466,n23[7],1,0,0,1,2,6,6,1,0,15,0,10,2,0,0,0,0,0,0,0,0,1,0,0,0,0
g40,not,n182,n32[2],1,0,0,1,2,10,5,1,0,6,0,2,2,0,0,0,0,0,0,0,0,1,0,0,0,0
g41,nor,n408,"n209, n404",2,0,0,0,3,8,4,3,0,6,0,2,0,0,0,0,0,0,20,0,14,26,0,1,5,0
g42,dff,n47[4],"n512, 1'b1, n0, n504",4,1,1,1,3,5,0,1,0,0,0,0,0,0,0,0,0,0,0,0,0,0,0,0,0,0
g43,or,n201,"n179, n37[1]",2,0,0,1,2,6,6,2,0,347,0,160,44,0,8,40,0,0,1,0,0,1,0,0,0,0
g44,nor,n223,"n492, n208",2,0,0,0,3,4,4,3,0,26,0,11,1,0,1,4,0,0,1,0,2,2,0,0,0,0
g45,dff,n47[2],"n512, 1'b1, n0, n506",4,1,1,1,3,5,0,1,0,0,0,0,0,0,0,0,0,0,0,0,0,0,0,0,0,0
g46,not,n446,n15[7],1,0,0,1,2,6,6,2,0,5,0,4,2,0,0,0,0,0,0,0,0,1,0,0,0,0
g47,dff,n30[7],"n1, 1'b1, n0, n142",4,1,1,1,1,6,0,0,0,0,0,0,0,0,0,0,0,0,0,0,0,0,0,0,0,0
g48,or,n210,"n37[0], n201",2,0,0,1,2,5,5,2,0,173,0,80,22,0,4,20,0,0,2,0,0,1,0,0,0,0
g49,xor,n132,"n16[0], n39[0]",2,0,0,1,2,7,1,0,0,0,0,0,0,0,1,0,0,0,0,0,0,0,0,1,0,0
g50,not,n196,n34[4],1,0,0,1,2,9,4,2,0,4,0,3,2,0,0,0,0,0,0,0,0,1,0,0,0,0
g51,dff,n29[7],"n1, 1'b1, n0, n29[5]",4,1,1,1,1,7,0,0,0,0,0,0,0,0,0,0,0,0,0,0,0,0,0,0,0,0
g52,nor,n229,"n443, n213",2,0,0,0,3,5,5,2,0,15,0,10,4,0,0,0,0,0,1,0,2,4,0,0,0,0
g53,dff,n15[2],"n1, 1'b1, n0, n134",4,1,1,1,1,6,0,1,0,0,0,0,0,0,0,0,0,0,0,0,0,0,0,0,0,0
g54,not,n58,n30[7],1,0,0,1,2,5,4,1,0,1,0,1,1,0,1,0,0,0,0,0,0,1,0,0,0,0
g55,xnor,n370,"n362, n35[1]",2,0,0,1,2,9,5,2,0,23,0,10,1,0,0,4,0,0,19,0,12,24,0,1,1,0
g56,dff,n18[7],"n1, 1'b1, n0, n22[7]",4,1,1,1,1,7,0,1,0,0,0,0,0,0,0,0,0,0,0,0,0,0,0,0,0,0
g57,dff,n28[2],"n1, 1'b1, n0, n28[0]",4,1,1,1,1,6,0,0,0,0,0,0,0,0,0,0,0,0,0,0,0,0,0,0,0,0
g58,xor,n94,"n34[4], n8[4]",2,0,0,1,1,11,1,0,0,0,0,0,0,0,1,0,0,0,0,0,0,0,0,1,0,0
g59,nor,n423,"n420, n421",2,0,0,0,4,8,4,3,0,6,0,2,0,0,0,0,0,0,40,0,28,53,0,2,12,0
g60,or,n323,"n232, n286",2,0,0,0,4,3,3,4,0,26,0,10,1,0,1,4,0,0,3,0,4,7,0,0,0,0
g61,dff,n20[3],"n1, 1'b1, n0, n148",4,1,1,1,1,6,0,1,0,0,0,0,0,0,0,0,0,0,0,0,0,0,0,0,0,0
g62,not,n454,n26[3],1,0,0,1,2,5,5,1,0,26,0,11,2,0,1,4,0,0,0,0,0,1,0,0,0,0
g63,xnor,n381,"n376, n33[3]",2,0,0,1,2,9,5,2,0,25,0,10,1,0,0,4,0,0,19,0,12,24,0,1,3,0
g64,not,n205,n204,1,0,0,0,3,6,6,3,0,373,0,170,49,0,8,40,0,0,0,0,1,2,0,0,0,0
g65,xor,n140,"n2[6], n3[6]",2,0,0,1,1,6,1,0,0,0,0,0,0,0,1,0,0,0,0,0,0,0,0,0,0,0
g66,not,n200,n199,1,0,0,0,3,6,4,3,0,366,0,168,47,0,8,40,0,0,0,0,1,1,0,0,0,0
g67,nor,n398,"n25[1], n389",2,0,0,1,2,9,5,1,0,6,0,3,0,0,0,0,0,0,19,0,13,24,0,1,4,0
g68,xor,n139,"n28[1], n41[1]",2,0,0,1,2,7,1,0,0,0,0,0,0,0,1,0,0,0,0,0,0,0,0,1,0,0
g69,xor,n361,"n500, n36[3]",2,0,0,1,2,10,6,1,0,31,0,12,1,0,1,6,0,0,19,0,12,24,0,1,0,0
g70,dff,n15[1],"n1, 1'b1, n0, n126",4,1,1,1,1,6,0,1,0,0,0,0,0,0,0,0,0,0,0,0,0,0,0,0,0,0
g71,dff,n10[5],"n1, 1'b1, n0, n494",4,1,1,1,1,0,0,1,0,0,0,0,0,0,0,0,0,0,0,0,0,0,0,0,0,0
g72,or,n405,"n213, n397",2,0,0,0,3,9,4,2,0,6,0,2,1,0,0,0,0,0,21,0,14,27,0,1,4,0
g73,nor,n284,"n465, n215",2,0,0,0,3,4,4,3,0,34,0,13,1,0,1,6,0,0,2,0,1,3,0,0,0,0
g74,dff,n39[0],"n1, 1'b1, n0, n99",4,1,1,1,1,8,0,1,0,0,0,0,0,0,0,0,0,0,0,0,0,0,0,0,0,0
g75,dff,n26[4],"n1, 1'b1, n0, n26[2]",4,1,1,1,1,8,0,0,0,0,0,0,0,0,0,0,0,0,0,0,0,0,0,0,0,0
g76,dff,n22[5],"n1, 1'b1, n0, n22[3]",4,1,1,1,1,8,0,0,0,0,0,0,0,0,0,0,0,0,0,0,0,0,0,0,0,0
g77,nor,n167,"n63, n155",2,0,0,0,3,3,2,3,0,0,0,1,0,0,1,0,0,0,6,0,1,4,0,0,0,0
g78,xnor,n74,"n8[2], n34[2]",2,0,0,1,1,14,2,2,0,0,0,0,0,0,0,2,0,0,0,0,0,0,0,0,1,0
g79,dff,n29[5],"n1, 1'b1, n0, n29[3]",4,1,1,1,1,8,0,0,0,0,0,0,0,0,0,0,0,0,0,0,0,0,0,0,0,0
g80,or,n319,"n275, n223",2,0,0,0,4,3,3,4,0,26,0,10,1,0,1,4,0,0,3,0,4,5,0,0,0,0
g81,xnor,n116,"n5[1], n8[1]",2,0,0,1,1,10,2,-1,0,0,0,0,0,0,1,1,0,0,0,0,0,0,0,0,0,0
g82,not,n447,n27[3],1,0,0,1,2,5,5,1,0,26,0,11,2,0,1,4,0,0,0,0,0,1,0,0,0,0
g83,dff,n10[7],"n1, 1'b1, n0, n496",4,1,1,1,1,0,0,1,0,0,0,0,0,0,0,0,0,0,0,0,0,0,0,0,0,0
g84,buf,n11[0],1'b0,1,0,1,1,-1,0,-1,-1,0,0,0,0,0,0,0,0,0,0,0,0,0,0,0,0,0,0
g85,xor,n126,"n29[1], n40[1]",2,0,0,1,2,7,1,0,0,0,0,0,0,0,1,0,0,0,0,0,0,0,0,1,0,0
g86,xor,n360,"n497, n36[0]",2,0,0,1,2,11,6,1,0,23,0,10,5,0,1,4,0,0,19,0,12,24,0,1,0,0
g87,nor,n357,"n196, n349",2,0,0,0,3,8,3,3,0,4,0,3,1,0,0,0,0,0,18,0,14,25,0,0,0,0
g88,or,n425,"n407, n424",2,0,0,0,4,8,3,4,0,6,0,1,1,0,0,0,0,0,63,0,46,87,0,3,17,0
g89,or,n62,"n56, n30[2]",2,0,0,1,2,6,5,1,0,3,0,1,0,0,1,0,0,0,1,0,0,1,0,0,0,0
g90,or,n399,"n241, n396",2,0,0,0,4,7,2,4,0,5,0,1,1,0,0,0,0,0,44,0,32,55,0,2,4,0
g91,nor,n289,"n480, n215",2,0,0,0,3,5,5,3,0,5,0,4,1,0,0,0,0,0,2,0,1,3,0,0,0,0
g92,dff,n40[1],"n1, 1'b1, n0, n92",4,1,1,1,1,8,0,1,0,0,0,0,0,0,0,0,0,0,0,0,0,0,0,0,0,0
g93,or,n523,"n501, n507",2,0,0,0,3,4,4,1,0,3,0,1,0,0,0,0,0,0,107,0,75,135,0,4,12,0
g94,nor,n402,"n197, n390",2,0,0,0,3,8,4,2,0,5,0,3,0,0,0,0,0,0,19,0,13,26,0,1,4,0
g95,xnor,n163,"n5[1], n125",2,0,0,1,1,8,1,0,0,0,0,0,0,0,0,1,0,0,0,0,0,0,0,0,1,0
g96,dff,n22[6],"n1, 1'b1, n0, n22[4]",4,1,1,1,1,7,0,0,0,0,0,0,0,0,0,0,0,0,0,0,0,0,0,0,0,0
g97,or,n415,"n251, n409",2,0,0,0,4,7,2,4,0,5,0,1,1,0,0,0,0,0,43,0,29,56,0,2,8,0
g98,dff,n30[14],"n1, 1'b1, n0, n30[6]",4,1,1,1,1,8,0,1,0,0,0,0,0,0,0,0,0,0,0,0,0,0,0,0,0,0
g99,or,n154,"n67, n152",2,0,0,0,3,4,3,2,0,1,0,1,0,0,1,0,0,0,5,0,0,3,0,0,0,0
g100,xnor,n117,"n2[2], n3[1]",2,0,0,1,1,10,2,-1,0,0,0,0,0,0,1,1,0,0,0,0,0,0,0,0,0,0
g101,nor,n263,"n487, n210",2,0,0,0,3,4,4,3,0,34,0,13,6,0,1,6,0,0,2,0,1,2,0,0,0,0
g102,xnor,n387,"n32[2], n379",2,0,0,1,2,11,6,1,0,19,0,8,4,0,0,3,0,0,19,0,12,24,0,1,4,0
g103,dff,n25[2],"n1, 1'b1, n0, n25[0]",4,1,1,1,1,6,0,0,0,0,0,0,0,0,0,0,0,0,0,0,0,0,0,0,0,0
g104,xor,n171,"n115, n111",2,0,0,0,2,9,1,0,0,0,0,0,0,0,1,0,0,0,0,0,0,0,0,1,0,0
g105,not,n431,n29[7],1,0,0,1,2,6,6,1,0,15,0,10,2,0,0,0,0,0,0,0,0,1,0,0,0,0
g106,dff,n19[3],"n1, 1'b1, n0, n105",4,1,1,1,1,6,0,1,0,0,0,0,0,0,0,0,0,0,0,0,0,0,0,0,0,0
g107,not,n489,n17[6],1,0,0,1,2,6,6,2,0,5,0,4,3,0,0,0,0,0,0,0,0,1,0,0,0,0
g108,nor,n248,"n474, n214",2,0,0,0,3,5,5,2,0,15,0,10,1,0,0,0,0,0,2,0,1,4,0,0,0,0
g109,not,n468,n20[1],1,0,0,1,2,5,5,2,0,26,0,11,2,0,1,4,0,0,0,0,0,1,0,0,0,0
g110,nor,n353,"n208, n351",2,0,0,0,3,6,2,3,0,4,0,2,0,0,0,0,0,0,19,0,15,25,0,0,0,0
g111,dff,n39[1],"n1, 1'b1, n0, n98",4,1,1,1,1,8,0,1,0,0,0,0,0,0,0,0,0,0,0,0,0,0,0,0,0,0
g112,not,n185,n31[3],1,0,0,1,2,9,5,2,0,6,0,2,1,0,0,0,0,0,0,0,0,1,0,0,0,0
g113,not,n469,n22[3],1,0,0,1,2,5,5,1,0,26,0,11,2,0,1,4,0,0,0,0,0,1,0,0,0,0
g114,xor,n85,"n42[2], n4[3]",2,0,0,1,1,9,1,0,0,0,0,0,0,0,1,0,0,0,0,0,0,0,0,1,0,0
g115,not,n519,n47[5],1,0,0,1,4,5,5,2,0,3,0,1,1,0,0,0,0,0,0,0,0,1,0,0,0,0
g116,xor,n105,"n23[3], n45[3]",2,0,0,1,2,7,1,0,0,0,0,0,0,0,1,0,0,0,0,0,0,0,0,1,0,0
g117,nor,n385,"n255, n380",2,0,0,0,3,9,4,3,0,6,0,2,1,0,0,0,0,0,20,0,17,26,0,1,3,0
g118,or,n303,"n293, n273",2,0,0,0,4,3,3,3,0,26,0,10,5,0,1,4,0,0,3,0,4,7,0,0,0,0
g119,xor,n172,"n122, n123",2,0,0,0,2,8,1,0,0,0,0,0,0,0,1,0,0,0,0,0,0,0,0,1,0,0
g120,xor,n96,"n39[2], n9[0]",2,0,0,1,1,9,1,0,0,0,0,0,0,0,1,0,0,0,0,0,0,0,0,1,0,0
g121,xor,n146,"n25[2], n42[2]",2,0,0,1,2,7,1,0,0,0,0,0,0,0,1,0,0,0,0,0,0,0,0,1,0,0
g122,nor,n288,"n454, n215",2,0,0,0,3,4,4,2,0,26,0,11,1,0,1,4,0,0,2,0,1,3,0,0,0,0
g123,xor,n95,"n39[3], n6[0]",2,0,0,1,1,9,1,0,0,0,0,0,0,0,1,0,0,0,0,0,0,0,0,1,0,0
g124,dff,n19[2],"n1, 1'b1, n0, n106",4,1,1,1,1,6,0,1,0,0,0,0,0,0,0,0,0,0,0,0,0,0,0,0,0,0
g125,not,n433,n28[2],1,0,0,1,2,5,5,1,0,26,0,11,6,0,1,4,0,0,0,0,0,1,0,0,0,0
g126,or,n327,"n247, n249",2,0,0,0,4,3,3,3,0,26,0,10,1,0,1,4,0,0,5,0,2,7,0,0,0,0
g127,not,n511,n1,1,0,0,0,1,2,2,-1,0,0,0,0,2,0,0,0,0,0,0,0,0,0,0,0,0,0
g128,not,n188,n34[5],1,0,0,1,2,8,4,2,0,4,0,3,1,0,0,0,0,0,0,0,0,1,0,0,0,0
g129,or,n531,"n528, n523",2,0,0,0,4,3,3,2,0,2,0,1,0,0,0,0,0,0,281,0,196,354,0,9,33,0
g130,or,n203,"n178, n179",2,0,0,0,3,6,5,3,0,184,0,84,23,0,4,20,0,0,1,0,0,2,0,0,0,0
g131,dff,n16[5],"n1, 1'b1, n0, n16[3]",4,1,1,1,1,8,0,0,0,0,0,0,0,0,0,0,0,0,0,0,0,0,0,0,0,0
g132,dff,n26[2],"n1, 1'b1, n0, n26[0]",4,1,1,1,1,6,0,0,0,0,0,0,0,0,0,0,0,0,0,0,0,0,0,0,0,0
g133,or,n364,"n211, n358",2,0,0,0,3,7,3,2,0,5,0,2,0,0,0,0,0,0,19,0,17,27,0,0,0,0
g134,dff,n16[3],"n1, 1'b1, n0, n16[1]",4,1,1,1,1,8,0,0,0,0,0,0,0,0,0,0,0,0,0,0,0,0,0,0,0,0
g135,dff,n24[7],"n1, 1'b1, n0, n28[7]",4,1,1,1,1,7,0,1,0,0,0,0,0,0,0,0,0,0,0,0,0,0,0,0,0,0
g136,not,n481,n14[3],1,0,0,1,2,5,5,2,0,34,0,13,2,0,1,6,0,0,0,0,0,1,0,0,0,0
g137,dff,n16[7],"n1, 1'b1, n0, n16[5]",4,1,1,1,1,7,0,0,0,0,0,0,0,0,0,0,0,0,0,0,0,0,0,0,0,0
g138,xor,n91,"n40[2], n9[1]",2,0,0,1,1,9,1,0,0,0,0,0,0,0,1,0,0,0,0,0,0,0,0,1,0,0
g139,xnor,n69,"n6[1], n33[1]",2,0,0,1,1,12,2,2,0,0,0,0,0,0,0,2,0,0,0,0,0,0,0,0,1,0
g140,dff,n24[3],"n1, 1'b1, n0, n144",4,1,1,1,1,6,0,1,0,0,0,0,0,0,0,0,0,0,0,0,0,0,0,0,0,0
g141,xnor,n367,"n359, n35[2]",2,0,0,1,2,10,5,2,0,31,0,12,6,0,0,6,0,0,19,0,12,24,0,1,1,0
g142,not,n183,n36[2],1,0,0,1,2,10,5,2,0,6,0,2,2,0,0,0,0,0,0,0,0,1,0,0,0,0
g143,xnor,n389,"n30[1], n382",2,0,0,1,2,10,6,1,0,11,0,6,1,0,0,1,0,0,19,0,12,24,0,1,4,0
g144,dff,n36[1],"n1, 1'b1, n0, n135",4,1,1,1,1,9,0,1,0,0,0,0,0,0,0,0,0,0,0,0,0,0,0,0,0,0
g145,xor,n129,"n16[3], n39[3]",2,0,0,1,2,7,1,0,0,0,0,0,0,0,1,0,0,0,0,0,0,0,0,1,0,0
g146,dff,n35[0],"n1, 1'b1, n0, n76",4,1,1,1,1,10,0,1,0,0,0,0,0,0,0,0,0,0,0,0,0,0,0,0,0,0
g147,nor,n224,"n486, n208",2,0,0,0,3,5,5,3,0,5,0,4,1,0,0,0,0,0,1,0,2,2,0,0,0,0
g148,dff,n38[1],"n1, 1'b1, n0, n510",4,1,1,1,1,8,0,0,0,0,0,0,0,0,0,0,0,0,0,0,0,0,0,0,0,0
g149,or,n530,"n522, n521",2,0,0,0,5,3,3,3,0,2,0,1,0,0,0,0,0,0,3,0,0,0,0,0,0,0
g150,or,n363,"n211, n355",2,0,0,0,3,8,3,2,0,5,0,2,1,0,0,0,0,0,19,0,17,27,0,0,0,0
g151,xor,n133,"n2[4], n3[4]",2,0,0,1,1,7,1,0,0,0,0,0,0,0,1,0,0,0,0,0,0,0,0,0,0,0
g152,or,n428,"n394, n426",2,0,0,0,5,6,2,5,0,5,0,1,0,0,0,0,0,0,103,0,70,130,0,5,21,0
g153,not,n490,n16[6],1,0,0,1,2,6,6,1,0,15,0,10,5,0,0,0,0,0,0,0,0,1,0,0,0,0
g154,or,n318,"n284, n283",2,0,0,0,4,3,3,4,0,34,0,12,1,0,1,6,0,0,5,0,2,5,0,0,0,0
g155,xor,n143,"n35[1], n3[1]",2,0,0,1,1,10,1,0,0,0,0,0,0,0,1,0,0,0,0,0,0,0,0,1,0,0
g156,xnor,n403,"n387, n31[2]",2,0,0,1,2,10,5,2,0,19,0,8,4,0,0,2,0,0,19,0,12,24,0,1,5,0
g157,dff,n23[2],"n1, 1'b1, n0, n23[0]",4,1,1,1,1,6,0,0,0,0,0,0,0,0,0,0,0,0,0,0,0,0,0,0,0,0
g158,dff,n20[7],"n1, 1'b1, n0, n25[7]",4,1,1,1,1,7,0,1,0,0,0,0,0,0,0,0,0,0,0,0,0,0,0,0,0,0
g159,nor,n287,"n447, n210",2,0,0,0,3,4,4,2,0,26,0,11,1,0,1,4,0,0,2,0,1,2,0,0,0,0
g160,dff,n24[1],"n1, 1'b1, n0, n139",4,1,1,1,1,6,0,1,0,0,0,0,0,0,0,0,0,0,0,0,0,0,0,0,0,0
g161,nor,n356,"n188, n351",2,0,0,0,3,7,3,3,0,4,0,3,0,0,0,0,0,0,18,0,14,25,0,0,0,0
g162,or,n209,"n37[0], n205",2,0,0,1,2,5,5,2,0,173,0,80,22,0,4,20,0,0,1,0,1,2,0,0,0,0
g163,dff,n41[1],"n1, 1'b1, n0, n110",4,1,1,1,1,8,0,1,0,0,0,0,0,0,0,0,0,0,0,0,0,0,0,0,0,0
g164,not,n392,n391,1,0,0,0,3,10,5,2,0,5,0,3,2,0,0,0,0,0,19,0,12,25,0,1,4,0
g165,not,n192,n35[3],1,0,0,1,2,9,5,2,0,6,0,2,1,0,0,0,0,0,0,0,0,1,0,0,0,0
g166,nor,n218,"n481, n208",2,0,0,0,3,4,4,3,0,34,0,13,1,0,1,6,0,0,1,0,2,2,0,0,0,0
g167,or,n526,"n513, n514",2,0,0,0,7,4,4,2,0,3,0,1,0,0,0,0,0,0,206,0,139,263,0,9,33,0
g168,or,n212,"n180, n202",2,0,0,0,3,5,4,3,0,183,0,84,23,0,4,20,0,0,2,0,0,2,0,0,0,0
g169,nor,n198,"n178, n37[2]",2,0,0,1,2,9,5,2,0,10,0,6,1,0,0,0,0,0,0,0,1,1,0,0,0,0
g170,dff,n10[4],"n1, 1'b1, n0, n493",4,1,1,1,1,0,0,1,0,0,0,0,0,0,0,0,0,0,0,0,0,0,0,0,0,0
g171,or,n215,"n178, n201",2,0,0,0,3,5,5,3,0,173,0,80,22,0,4,20,0,0,2,0,0,2,0,0,0,0
g172,dff,n30[10],"n1, 1'b1, n0, n30[2]",4,1,1,1,1,6,0,1,0,0,0,0,0,0,0,0,0,0,0,0,0,0,0,0,0,0
g173,or,n336,"n302, n296",2,0,0,0,5,3,3,5,0,4,0,3,2,0,0,0,0,0,7,0,8,12,0,0,0,0
g174,dff,n10[3],"n1, 1'b1, n0, n500",4,1,1,1,1,0,0,1,0,0,0,0,0,0,0,0,0,0,0,0,0,0,0,0,0,0
g175,not,n450,n17[7],1,0,0,1,2,6,6,2,0,5,0,4,2,0,0,0,0,0,0,0,0,1,0,0,0,0
g176,xnor,n112,"n5[3], n36[3]",2,0,0,1,1,12,2,2,0,0,0,0,0,0,0,2,0,0,0,0,0,0,0,0,1,0
g177,or,n317,"n225, n280",2,0,0,0,4,3,3,4,0,34,0,12,1,0,1,6,0,0,3,0,4,7,0,0,0,0
g178,dff,n45[3],"n1, 1'b1, n0, n79",4,1,1,1,1,8,0,1,0,0,0,0,0,0,0,0,0,0,0,0,0,0,0,0,0,0
g179,not,n514,n508,1,0,0,0,6,5,5,1,0,3,0,1,1,0,0,0,0,0,88,0,61,112,0,4,12,0
g180,nor,n262,"n453, n209",2,0,0,0,3,4,4,3,0,34,0,13,6,0,1,6,0,0,1,0,2,3,0,0,0,0
g181,or,n310,"n271, n268",2,0,0,0,4,4,4,4,0,5,0,3,2,0,0,0,0,0,5,0,2,5,0,0,0,0
g182,dff,n22[4],"n1, 1'b1, n0, n22[2]",4,1,1,1,1,8,0,0,0,0,0,0,0,0,0,0,0,0,0,0,0,0,0,0,0,0
g183,dff,n23[7],"n1, 1'b1, n0, n23[5]",4,1,1,1,1,7,0,0,0,0,0,0,0,0,0,0,0,0,0,0,0,0,0,0,0,0
g184,xnor,n160,"n5[0], n111",2,0,0,1,1,8,1,0,0,0,0,0,0,0,0,1,0,0,0,0,0,0,0,0,1,0
g185,xnor,n175,"n120, n32[2]",2,0,0,1,2,12,1,0,0,0,0,0,0,0,0,1,0,0,0,0,0,0,0,0,2,0
g186,dff,n20[6],"n1, 1'b1, n0, n25[6]",4,1,1,1,1,7,0,1,0,0,0,0,0,0,0,0,0,0,0,0,0,0,0,0,0,0
g187,dff,n45[2],"n1, 1'b1, n0, n80",4,1,1,1,1,8,0,1,0,0,0,0,0,0,0,0,0,0,0,0,0,0,0,0,0,0
g188,xor,n127,"n46[3], n4[7]",2,0,0,1,1,9,1,0,0,0,0,0,0,0,1,0,0,0,0,0,0,0,0,1,0,0
g189,nor,n374,"n208, n369",2,0,0,0,3,8,4,3,0,6,0,2,0,0,0,0,0,0,20,0,14,25,0,1,1,0
g190,dff,n20[1],"n1, 1'b1, n0, n145",4,1,1,1,1,6,0,1,0,0,0,0,0,0,0,0,0,0,0,0,0,0,0,0,0,0
g191,xor,n106,"n23[2], n45[2]",2,0,0,1,2,7,1,0,0,0,0,0,0,0,1,0,0,0,0,0,0,0,0,1,0,0
g192,xnor,n380,"n378, n33[0]",2,0,0,1,2,10,5,2,0,17,0,8,4,0,0,2,0,0,19,0,12,24,0,1,3,0
g193,not,n515,n504,1,0,0,0,5,5,5,1,0,3,0,1,1,0,0,0,0,0,57,0,47,78,0,0,0,0
g194,dff,n23[5],"n1, 1'b1, n0, n23[3]",4,1,1,1,1,8,0,0,0,0,0,0,0,0,0,0,0,0,0,0,0,0,0,0,0,0
g195,dff,n21[3],"n1, 1'b1, n0, n108",4,1,1,1,1,6,0,1,0,0,0,0,0,0,0,0,0,0,0,0,0,0,0,0,0,0
g196,nor,n204,"n180, n37[2]",2,0,0,1,2,7,5,2,0,396,0,181,51,0,8,40,0,0,0,0,1,1,0,0,0,0
g197,or,n527,"n516, n515",2,0,0,0,4,4,4,2,0,3,0,1,0,0,0,0,0,0,76,0,61,103,0,0,0,0
g198,xor,n107,"n34[0], n8[0]",2,0,0,1,1,13,1,0,0,0,0,0,0,0,1,0,0,0,0,0,0,0,0,1,0,0
g199,dff,n24[6],"n1, 1'b1, n0, n28[6]",4,1,1,1,1,7,0,1,0,0,0,0,0,0,0,0,0,0,0,0,0,0,0,0,0,0
g200,not,n470,n22[6],1,0,0,1,2,6,6,1,0,15,0,10,5,0,0,0,0,0,0,0,0,1,0,0,0,0
g201,xor,n87,"n41[3], n6[2]",2,0,0,1,1,9,1,0,0,0,0,0,0,0,1,0,0,0,0,0,0,0,0,1,0,0
g202,or,n326,"n291, n224",2,0,0,0,4,4,4,4,0,5,0,3,1,0,0,0,0,0,3,0,4,5,0,0,0,0
g203,dff,n35[2],"n1, 1'b1, n0, n175",4,1,1,1,1,11,0,1,0,0,0,0,0,0,0,0,0,0,0,0,0,0,0,0,0,0
g204,nor,n220,"n484, n208",2,0,0,0,3,5,5,3,0,5,0,4,2,0,0,0,0,0,1,0,2,2,0,0,0,0
g205,buf,n11[1],1'b0,1,0,1,1,-1,0,-1,-1,0,0,0,0,0,0,0,0,0,0,0,0,0,0,0,0,0,0
g206,or,n208,"n37[0], n200",2,0,0,1,2,5,3,2,0,193,0,88,24,0,4,20,0,0,1,0,1,1,0,0,0,0
g207,not,n55,n30[1],1,0,0,1,2,7,6,1,0,3,0,1,1,0,1,0,0,0,0,0,0,1,0,0,0,0
g208,xor,n92,"n40[1], n4[1]",2,0,0,1,1,9,1,0,0,0,0,0,0,0,1,0,0,0,0,0,0,0,0,1,0,0
g209,not,n478,n14[2],1,0,0,1,2,5,5,2,0,34,0,13,7,0,1,6,0,0,0,0,0,1,0,0,0,0
g210,dff,n18[6],"n1, 1'b1, n0, n22[6]",4,1,1,1,1,7,0,1,0,0,0,0,0,0,0,0,0,0,0,0,0,0,0,0,0,0
g211,dff,n43[3],"n1, 1'b1, n0, n101",4,1,1,1,1,8,0,1,0,0,0,0,0,0,0,0,0,0,0,0,0,0,0,0,0,0
g212,xnor,n368,"n360, n35[0]",2,0,0,1,2,10,5,2,0,23,0,10,5,0,0,4,0,0,19,0,12,24,0,1,1,0
g213,dff,n27[4],"n1, 1'b1, n0, n27[2]",4,1,1,1,1,8,0,0,0,0,0,0,0,0,0,0,0,0,0,0,0,0,0,0,0,0
g214,nor,n354,"n208, n349",2,0,0,0,3,7,2,3,0,4,0,2,1,0,0,0,0,0,19,0,15,25,0,0,0,0
g215,or,n340,"n328, n325",2,0,0,0,5,6,2,4,0,5,0,1,0,0,0,0,0,0,11,0,4,12,0,0,0,0
g216,nor,n244,"n439, n212",2,0,0,0,3,4,4,3,0,34,0,13,1,0,1,6,0,0,2,0,1,3,0,0,0,0
g217,nor,n397,"n25[0], n391",2,0,0,1,2,10,5,1,0,6,0,3,1,0,0,0,0,0,19,0,13,24,0,1,4,0
g218,nor,n228,"n471, n213",2,0,0,0,3,4,4,3,0,34,0,13,6,0,1,6,0,0,1,0,2,4,0,0,0,0
g219,not,n435,n16[7],1,0,0,1,2,6,6,1,0,15,0,10,2,0,0,0,0,0,0,0,0,1,0,0,0,0
g220,dff,n14[2],"n1, 1'b1, n0, n130",4,1,1,1,1,6,0,1,0,0,0,0,0,0,0,0,0,0,0,0,0,0,0,0,0,0
g221,not,n189,n25[0],1,0,0,1,2,10,5,1,0,5,0,3,2,0,0,0,0,0,0,0,0,1,0,0,0,0
g222,or,n329,"n235, n240",2,0,0,0,4,3,3,3,0,26,0,10,5,0,1,4,0,0,5,0,2,7,0,0,0,0
g223,xnor,n118,"n5[2], n8[2]",2,0,0,1,1,9,2,-1,0,0,0,0,0,0,1,1,0,0,0,0,0,0,0,0,0,0
g224,nor,n226,"n477, n214",2,0,0,0,3,5,5,3,0,5,0,4,1,0,0,0,0,0,2,0,1,4,0,0,0,0
g225,xor,n142,"n2[7], n3[7]",2,0,0,1,1,7,1,0,0,0,0,0,0,0,1,0,0,0,0,0,0,0,0,0,0,0
g226,nor,n250,"n193, n212",2,0,0,0,3,7,3,3,0,5,0,2,0,0,0,0,0,0,2,0,1,3,0,0,0,0
g227,or,n498,"n348, n346",2,0,0,0,6,1,1,0,0,24,0,10,1,0,1,4,0,0,19,0,12,24,0,0,0,0
g228,dff,n27[3],"n1, 1'b1, n0, n27[1]",4,1,1,1,1,6,0,0,0,0,0,0,0,0,0,0,0,0,0,0,0,0,0,0,0,0
g229,xnor,n157,"n8[4], n73",2,0,0,1,1,8,1,0,0,0,0,0,0,0,0,1,0,0,0,0,0,0,0,0,1,0
g230,or,n300,"n229, n261",2,0,0,0,4,4,4,3,0,15,0,9,4,0,0,0,0,0,3,0,4,7,0,0,0,0
g231,nor,n290,"n195, n210",2,0,0,0,3,8,4,2,0,6,0,2,0,0,0,0,0,0,2,0,1,2,0,0,0,0
g232,nor,n234,"n470, n214",2,0,0,0,3,5,5,2,0,15,0,10,4,0,0,0,0,0,2,0,1,4,0,0,0,0
g233,nor,n247,"n469, n214",2,0,0,0,3,4,4,2,0,26,0,11,1,0,1,4,0,0,2,0,1,4,0,0,0,0
g234,not,n465,n21[3],1,0,0,1,2,5,5,2,0,34,0,13,2,0,1,6,0,0,0,0,0,1,0,0,0,0
g235,not,n434,n15[2],1,0,0,1,2,5,5,2,0,34,0,13,7,0,1,6,0,0,0,0,0,1,0,0,0,0
g236,or,n312,"n245, n230",2,0,0,0,4,3,3,4,0,34,0,12,6,0,1,6,0,0,5,0,2,7,0,0,0,0
g237,dff,n37[2],"n1, 1'b1, n0, n38[2]",4,1,1,1,1,6,0,1,0,0,0,0,0,0,0,0,0,0,0,0,0,0,0,0,0,0
g238,xnor,n114,"n2[3], n3[3]",2,0,0,1,1,10,2,1,0,0,0,0,0,0,0,2,0,0,0,0,0,0,0,0,0,0
g239,nor,n293,"n440, n213",2,0,0,0,3,4,4,2,0,39,0,17,8,0,1,4,0,0,1,0,2,4,0,0,0,0
g240,not,n178,n37[0],1,0,0,1,2,6,6,2,0,753,0,345,96,0,16,80,0,0,0,0,0,1,0,0,0,0
g241,dff,n26[1],"n1, 1'b1, n0, n2[11]",4,1,1,1,1,7,0,0,0,0,0,0,0,0,0,0,0,0,0,0,0,0,0,0,0,0
g242,xor,n88,"n41[2], n4[2]",2,0,0,1,1,9,1,0,0,0,0,0,0,0,1,0,0,0,0,0,0,0,0,1,0,0
g243,or,n315,"n274, n282",2,0,0,0,4,3,3,3,0,26,0,10,5,0,1,4,0,0,5,0,2,5,0,0,0,0
g244,nor,n258,"n429, n216",2,0,0,0,3,5,5,2,0,15,0,10,4,0,0,0,0,0,1,0,2,3,0,0,0,0
g245,or,n499,"n333, n332",2,0,0,0,6,1,1,0,0,32,0,12,6,0,1,6,0,0,19,0,12,24,0,0,0,0
g246,dff,n36[2],"n1, 1'b1, n0, n165",4,1,1,1,1,11,0,1,0,0,0,0,0,0,0,0,0,0,0,0,0,0,0,0,0,0
g247,not,n443,n25[6],1,0,0,1,2,6,6,1,0,15,0,10,5,0,0,0,0,0,0,0,0,1,0,0,0,0
g248,nor,n199,"n37[2], n37[1]",2,0,0,1,2,7,5,2,0,379,0,174,48,0,8,40,0,0,0,0,1,0,0,0,0,0
g249,buf,n12[1],1'b0,1,0,1,1,-1,0,-1,-1,0,0,0,0,0,0,0,0,0,0,0,0,0,0,0,0,0,0
g250,not,n464,n24[7],1,0,0,1,2,6,6,2,0,5,0,4,2,0,0,0,0,0,0,0,0,1,0,0,0,0
g251,nor,n253,"n192, n214",2,0,0,0,3,8,4,3,0,6,0,2,0,0,0,0,0,0,2,0,1,4,0,0,0,0
g252,or,n155,"n64, n149",2,0,0,0,3,4,3,3,0,1,0,1,0,0,1,0,0,0,5,0,0,3,0,0,0,0
g253,xor,n110,"n41[1], n7[2]",2,0,0,1,1,9,1,0,0,0,0,0,0,0,1,0,0,0,0,0,0,0,0,1,0,0
g254,or,n63,"n59, n30[15]",2,0,0,1,2,4,3,2,0,1,0,1,0,0,1,0,0,0,1,0,0,1,0,0,0,0
g255,dff,n29[1],"n1, 1'b1, n0, n2[3]",4,1,1,1,1,8,0,0,0,0,0,0,0,0,0,0,0,0,0,0,0,0,0,0,0,0
g256,dff,n34[5],"n1, 1'b1, n0, n90",4,1,1,1,1,9,0,1,0,0,0,0,0,0,0,0,0,0,0,0,0,0,0,0,0,0
g257,nor,n249,"n462, n212",2,0,0,0,3,4,4,2,0,26,0,11,1,0,1,4,0,0,2,0,1,3,0,0,0,0
g258,not,n59,n30[10],1,0,0,1,2,5,4,2,0,1,0,1,1,0,1,0,0,0,0,0,0,1,0,0,0,0
g259,dff,n23[1],"n1, 1'b1, n0, n2[13]",4,1,1,1,1,7,0,0,0,0,0,0,0,0,0,0,0,0,0,0,0,0,0,0,0,0
g260,dff,n29[4],"n1, 1'b1, n0, n29[2]",4,1,1,1,1,8,0,0,0,0,0,0,0,0,0,0,0,0,0,0,0,0,0,0,0,0
g261,xnor,n121,"n3[3], n35[3]",2,0,0,1,1,12,2,2,0,0,0,0,0,0,0,2,0,0,0,0,0,0,0,0,1,0
g262,xor,n77,"n33[2], n6[2]",2,0,0,1,1,12,1,0,0,0,0,0,0,0,1,0,0,0,0,0,0,0,0,1,0,0
g263,not,n49,n38[1],1,0,0,1,2,10,3,1,0,0,0,2,1,0,1,0,0,0,0,0,0,1,0,0,0,0
g264,not,n451,n27[7],1,0,0,1,2,6,6,1,0,15,0,10,2,0,0,0,0,0,0,0,0,1,0,0,0,0
g265,dff,n30[5],"n1, 1'b1, n0, n138",4,1,1,1,1,7,0,0,0,0,0,0,0,0,0,0,0,0,0,0,0,0,0,0,0,0
g266,or,n214,"n180, n203",2,0,0,0,3,5,4,3,0,183,0,84,23,0,4,20,0,0,2,0,0,3,0,0,0,0
g267,dff,n25[5],"n1, 1'b1, n0, n25[3]",4,1,1,1,1,8,0,0,0,0,0,0,0,0,0,0,0,0,0,0,0,0,0,0,0,0
g268,xnor,n411,"n30[3], n404",2,0,0,1,2,11,7,1,0,13,0,6,1,0,0,1,0,0,19,0,12,24,0,1,6,0
g269,not,n461,n24[6],1,0,0,1,2,6,6,2,0,5,0,4,3,0,0,0,0,0,0,0,0,1,0,0,0,0
g270,dff,n28[3],"n1, 1'b1, n0, n28[1]",4,1,1,1,1,8,0,0,0,0,0,0,0,0,0,0,0,0,0,0,0,0,0,0,0,0
g271,dff,n18[2],"n1, 1'b1, n0, n104",4,1,1,1,1,6,0,1,0,0,0,0,0,0,0,0,0,0,0,0,0,0,0,0,0,0
g272,dff,n10[0],"n1, 1'b1, n0, n497",4,1,1,1,1,0,0,1,0,0,0,0,0,0,0,0,0,0,0,0,0,0,0,0,0,0
g273,dff,n46[2],"n1, 1'b1, n0, n78",4,1,1,1,1,8,0,1,0,0,0,0,0,0,0,0,0,0,0,0,0,0,0,0,0,0
g274,or,n308,"n234, n233",2,0,0,0,4,4,4,3,0,15,0,9,4,0,0,0,0,0,5,0,2,7,0,0,0,0
g275,not,n492,n14[1],1,0,0,1,2,5,5,2,0,26,0,11,2,0,1,4,0,0,0,0,0,1,0,0,0,0
g276,xnor,n156,"n8[5], n72",2,0,0,1,1,8,1,0,0,0,0,0,0,0,0,1,0,0,0,0,0,0,0,0,1,0
g277,dff,n17[3],"n1, 1'b1, n0, n89",4,1,1,1,1,6,0,1,0,0,0,0,0,0,0,0,0,0,0,0,0,0,0,0,0,0
g278,xor,n150,"n32[3], n31[3]",2,0,0,1,2,11,1,0,0,0,0,0,0,0,1,0,0,0,0,0,0,0,0,1,0,0
g279,nor,n417,"n25[3], n411",2,0,0,1,2,10,6,1,0,7,0,3,0,0,0,0,0,0,19,0,13,24,0,1,6,0
g280,nor,n271,"n472, n215",2,0,0,0,3,5,5,3,0,5,0,4,2,0,0,0,0,0,2,0,1,3,0,0,0,0
g281,or,n213,"n178, n205",2,0,0,0,3,5,5,3,0,200,0,90,26,0,4,20,0,0,1,0,1,3,0,0,0,0
g282,not,n294,n293,1,0,0,0,4,12,7,3,0,7,0,3,2,0,0,0,0,0,1,0,2,5,0,0,0,0
g283,xor,n144,"n28[3], n41[3]",2,0,0,1,2,7,1,0,0,0,0,0,0,0,1,0,0,0,0,0,0,0,0,1,0,0
g284,nor,n273,"n433, n209",2,0,0,0,3,4,4,2,0,26,0,11,5,0,1,4,0,0,1,0,2,3,0,0,0,0
g285,xor,n86,"n42[1], n7[3]",2,0,0,1,1,9,1,0,0,0,0,0,0,0,1,0,0,0,0,0,0,0,0,1,0,0
g286,or,n528,"n503, n505",2,0,0,0,5,4,4,1,0,3,0,1,0,0,0,0,0,0,173,0,121,219,0,5,21,0
g287,or,n534,"n529, n532",2,0,0,0,6,2,2,4,0,1,0,1,0,0,0,0,0,0,287,0,200,370,0,9,33,0
g288,not,n484,n14[6],1,0,0,1,2,6,6,2,0,5,0,4,3,0,0,0,0,0,0,0,0,1,0,0,0,0
g289,not,n460,n25[7],1,0,0,1,2,6,6,1,0,15,0,10,2,0,0,0,0,0,0,0,0,1,0,0,0,0
g290,or,n321,"n289, n272",2,0,0,0,4,4,4,4,0,5,0,3,1,0,0,0,0,0,5,0,2,5,0,0,0,0
g291,xor,n141,"n28[2], n41[2]",2,0,0,1,2,7,1,0,0,0,0,0,0,0,1,0,0,0,0,0,0,0,0,1,0,0
g292,nor,n286,"n449, n209",2,0,0,0,3,4,4,3,0,26,0,11,1,0,1,4,0,0,1,0,2,3,0,0,0,0
g293,dff,n26[0],"n1, 1'b1, n0, n156",4,1,1,1,1,7,0,0,0,0,0,0,0,0,0,0,0,0,0,0,0,0,0,0,0,0
g294,not,n455,n26[6],1,0,0,1,2,6,6,1,0,15,0,10,5,0,0,0,0,0,0,0,0,1,0,0,0,0
g295,xnor,n164,"n112, n31[3]",2,0,0,1,2,11,1,0,0,0,0,0,0,0,0,1,0,0,0,0,0,0,0,0,2,0
g296,nor,n222,"n478, n208",2,0,0,0,3,4,4,3,0,34,0,13,6,0,1,6,0,0,1,0,2,2,0,0,0,0
g297,dff,n28[7],"n1, 1'b1, n0, n28[5]",4,1,1,1,1,7,0,0,0,0,0,0,0,0,0,0,0,0,0,0,0,0,0,0,0,0
g298,dff,n34[2],"n1, 1'b1, n0, n168",4,1,1,1,1,12,0,1,0,0,0,0,0,0,0,0,0,0,0,0,0,0,0,0,0,0
g299,nor,n243,"n488, n214",2,0,0,0,3,5,5,3,0,5,0,4,2,0,0,0,0,0,2,0,1,4,0,0,0,0
g300,xor,n82,"n44[2], n7[1]",2,0,0,1,1,9,1,0,0,0,0,0,0,0,1,0,0,0,0,0,0,0,0,1,0,0
g301,xor,n147,"n40[3], n6[1]",2,0,0,1,1,9,1,0,0,0,0,0,0,0,1,0,0,0,0,0,0,0,0,1,0,0
g302,dff,n30[15],"n1, 1'b1, n0, n30[7]",4,1,1,1,1,5,0,1,0,0,0,0,0,0,0,0,0,0,0,0,0,0,0,0,0,0
g303,xor,n90,"n34[5], n8[5]",2,0,0,1,1,10,1,0,0,0,0,0,0,0,1,0,0,0,0,0,0,0,0,1,0,0
g304,not,n52,n30[5],1,0,0,1,2,6,5,1,0,2,0,1,1,0,1,0,0,0,0,0,0,1,0,0,0,0
g305,xnor,n71,"n6[0], n33[0]",2,0,0,1,1,13,2,2,0,0,0,0,0,0,0,2,0,0,0,0,0,0,0,0,1,0
g306,nor,n279,"n438, n216",2,0,0,0,3,4,4,3,0,34,0,13,1,0,1,6,0,0,1,0,2,3,0,0,0,0
g307,nor,n237,"n187, n214",2,0,0,0,3,9,4,3,0,6,0,2,1,0,0,0,0,0,2,0,1,4,0,0,0,0
g308,not,n462,n23[3],1,0,0,1,2,5,5,1,0,26,0,11,2,0,1,4,0,0,0,0,0,1,0,0,0,0
g309,or,n497,"n341, n331",2,0,0,0,6,1,1,0,0,24,0,10,5,0,1,4,0,0,19,0,12,24,0,0,0,0
g310,dff,n17[6],"n1, 1'b1, n0, n27[6]",4,1,1,1,1,7,0,1,0,0,0,0,0,0,0,0,0,0,0,0,0,0,0,0,0,0
g311,not,n480,n21[7],1,0,0,1,2,6,6,2,0,5,0,4,2,0,0,0,0,0,0,0,0,1,0,0,0,0
g312,not,n452,n26[2],1,0,0,1,2,5,5,1,0,26,0,11,6,0,1,4,0,0,0,0,0,1,0,0,0,0
g313,xor,n362,"n498, n36[1]",2,0,0,1,2,10,6,1,0,23,0,10,1,0,1,4,0,0,19,0,12,24,0,1,0,0
g314,or,n325,"n292, n290",2,0,0,0,4,7,3,3,0,6,0,1,0,0,0,0,0,0,5,0,2,5,0,0,0,0
g315,xor,n98,"n39[1], n4[0]",2,0,0,1,1,9,1,0,0,0,0,0,0,0,1,0,0,0,0,0,0,0,0,1,0,0
g316,nor,n352,"n342, n337",2,0,0,0,6,2,2,6,0,3,0,3,1,0,0,0,0,0,18,0,13,24,0,0,0,0
g317,not,n482,n20[7],1,0,0,1,2,6,6,2,0,5,0,4,2,0,0,0,0,0,0,0,0,1,0,0,0,0
g318,nor,n257,"n441, n216",2,0,0,0,3,5,5,3,0,5,0,4,2,0,0,0,0,0,1,0,2,3,0,0,0,0
g319,nor,n230,"n483, n212",2,0,0,0,3,4,4,3,0,34,0,13,6,0,1,6,0,0,2,0,1,3,0,0,0,0
g320,not,n436,n28[6],1,0,0,1,2,6,6,1,0,15,0,10,5,0,0,0,0,0,0,0,0,1,0,0,0,0
g321,nor,n410,"n402, n406",2,0,0,0,4,7,3,3,0,5,0,2,0,0,0,0,0,0,40,0,28,53,0,2,8,0
g322,not,n437,n28[7],1,0,0,1,2,6,6,1,0,15,0,10,2,0,0,0,0,0,0,0,0,1,0,0,0,0
g323,not,n432,n17[3],1,0,0,1,2,5,5,2,0,34,0,13,2,0,1,6,0,0,0,0,0,1,0,0,0,0
g324,or,n522,"n47[0], n47[2]",2,0,0,1,4,4,4,2,0,3,0,1,0,0,0,0,0,0,1,0,0,0,0,0,0,0
g325,nor,n386,"n255, n382",2,0,0,0,3,8,4,3,0,6,0,2,0,0,0,0,0,0,20,0,17,26,0,1,3,0
g326,not,n179,n37[2],1,0,0,1,2,7,6,2,0,715,0,328,91,0,16,80,0,0,0,0,0,1,0,0,0,0
g327,nor,n372,"n208, n368",2,0,0,0,3,9,4,3,0,6,0,2,1,0,0,0,0,0,20,0,14,25,0,1,1,0
g328,dff,n34[3],"n1, 1'b1, n0, n169",4,1,1,1,1,11,0,1,0,0,0,0,0,0,0,0,0,0,0,0,0,0,0,0,0,0
g329,xnor,n413,"n30[2], n403",2,0,0,1,2,11,6,1,0,13,0,6,3,0,0,1,0,0,19,0,12,24,0,1,6,0
g330,not,n412,n411,1,0,0,0,3,10,6,2,0,6,0,3,1,0,0,0,0,0,19,0,12,25,0,1,6,0
g331,dff,n25[6],"n1, 1'b1, n0, n25[4]",4,1,1,1,1,7,0,0,0,0,0,0,0,0,0,0,0,0,0,0,0,0,0,0,0,0
g332,dff,n38[2],"n1, 1'b1, n0, n509",4,1,1,1,1,7,0,0,0,0,0,0,0,0,0,0,0,0,0,0,0,0,0,0,0,0
g333,or,n504,"n354, n365",2,0,0,0,4,6,1,0,0,4,0,1,1,0,0,0,0,0,57,0,47,77,0,0,0,0
g334,xor,n174,"n116, n117",2,0,0,0,2,9,1,0,0,0,0,0,0,0,1,0,0,0,0,0,0,0,0,1,0,0
g335,dff,n22[1],"n1, 1'b1, n0, n2[15]",4,1,1,1,1,7,0,0,0,0,0,0,0,0,0,0,0,0,0,0,0,0,0,0,0,0
g336,not,n190,n25[3],1,0,0,1,2,10,6,1,0,6,0,3,1,0,0,0,0,0,0,0,0,1,0,0,0,0
g337,dff,n30[9],"n1, 1'b1, n0, n30[1]",4,1,1,1,1,6,0,1,0,0,0,0,0,0,0,0,0,0,0,0,0,0,0,0,0,0
g338,xor,n76,"n35[0], n3[0]",2,0,0,1,1,11,1,0,0,0,0,0,0,0,1,0,0,0,0,0,0,0,0,1,0,0
g339,dff,n33[0],"n1, 1'b1, n0, n159",4,1,1,1,1,11,0,1,0,0,0,0,0,0,0,0,0,0,0,0,0,0,0,0,0,0
g340,or,n316,"n242, n278",2,0,0,0,4,4,4,3,0,15,0,9,1,0,0,0,0,0,3,0,4,7,0,0,0,0
g341,nor,n277,"n431, n216",2,0,0,0,3,5,5,2,0,15,0,10,1,0,0,0,0,0,1,0,2,3,0,0,0,0
g342,not,n57,n38[0],1,0,0,1,2,8,1,0,0,0,0,0,1,0,0,0,0,0,0,0,0,1,0,0,0,0
g343,nor,n232,"n468, n213",2,0,0,0,3,4,4,3,0,26,0,11,1,0,1,4,0,0,1,0,2,4,0,0,0,0
g344,nor,n283,"n432, n210",2,0,0,0,3,4,4,3,0,34,0,13,1,0,1,6,0,0,2,0,1,2,0,0,0,0
g345,dff,n36[3],"n1, 1'b1, n0, n164",4,1,1,1,1,10,0,1,0,0,0,0,0,0,0,0,0,0,0,0,0,0,0,0,0,0
g346,nor,n407,"n209, n403",2,0,0,0,3,9,4,3,0,6,0,2,1,0,0,0,0,0,20,0,14,26,0,1,5,0
g347,nor,n535,"n534, n533",2,0,0,0,6,1,1,0,0,0,0,1,0,0,0,0,0,0,572,0,397,724,0,18,66,0
g348,dff,n19[6],"n1, 1'b1, n0, n23[6]",4,1,1,1,1,7,0,1,0,0,0,0,0,0,0,0,0,0,0,0,0,0,0,0,0,0
g349,or,n66,"n58, n30[6]",2,0,0,1,2,4,3,1,0,1,0,1,0,0,1,0,0,0,1,0,0,1,0,0,0,0
g350,nor,n240,"n444, n212",2,0,0,0,3,4,4,2,0,26,0,11,5,0,1,4,0,0,2,0,1,3,0,0,0,0
g351,nor,n383,"n216, n379",2,0,0,0,3,9,4,3,0,6,0,2,1,0,0,0,0,0,20,0,14,26,0,1,3,0
g352,dff,n27[5],"n1, 1'b1, n0, n27[3]",4,1,1,1,1,8,0,0,0,0,0,0,0,0,0,0,0,0,0,0,0,0,0,0,0,0
g353,xnor,n73,"n2[8], n3[4]",2,0,0,1,1,9,2,-1,0,0,0,0,0,0,0,2,0,0,0,0,0,0,0,0,0,0
g354,or,n216,"n178, n200",2,0,0,0,3,5,5,3,0,173,0,80,22,0,4,20,0,0,1,0,1,2,0,0,0,0
g355,xor,n99,"n39[0], n7[0]",2,0,0,1,1,9,1,0,0,0,0,0,0,0,1,0,0,0,0,0,0,0,0,1,0,0
g356,or,n343,"n316, n313",2,0,0,0,5,3,3,4,0,14,0,9,1,0,0,0,0,0,7,0,8,12,0,0,0,0
g357,nor,n50,"n38[1], n38[0]",2,0,0,1,2,10,2,1,0,0,0,2,0,0,0,0,0,0,0,0,1,0,0,0,0,0
g358,nor,n236,"n183, n212",2,0,0,0,3,9,4,3,0,6,0,2,1,0,0,0,0,0,2,0,1,3,0,0,0,0
g359,xnor,n379,"n375, n33[2]",2,0,0,1,2,10,5,2,0,25,0,10,5,0,0,4,0,0,19,0,12,24,0,1,3,0
g360,or,n427,"n393, n425",2,0,0,0,5,7,2,5,0,5,0,1,1,0,0,0,0,0,105,0,74,138,0,5,21,0
g361,dff,n13,"n512, 1'b1, n0, n535",4,1,1,0,3,0,0,1,0,0,0,0,0,0,0,0,0,0,0,0,0,0,0,0,0,0
g362,or,n328,"n253, n252",2,0,0,0,4,7,3,4,0,6,0,1,0,0,0,0,0,0,5,0,2,7,0,0,0,0
g363,xor,n104,"n22[2], n46[2]",2,0,0,1,2,7,1,0,0,0,0,0,0,0,1,0,0,0,0,0,0,0,0,1,0,0
g364,or,n320,"n246, n244",2,0,0,0,4,3,3,4,0,34,0,12,1,0,1,6,0,0,5,0,2,7,0,0,0,0
g365,dff,n11[2],"n1, 1'b1, n0, n32[2]",4,1,1,1,1,0,0,1,0,0,0,0,0,0,0,0,0,0,0,0,0,0,0,0,0,0
g366,dff,n16[2],"n1, 1'b1, n0, n16[0]",4,1,1,1,1,8,0,0,0,0,0,0,0,0,0,0,0,0,0,0,0,0,0,0,0,0
g367,nor,n265,"n464, n209",2,0,0,0,3,5,5,3,0,5,0,4,1,0,0,0,0,0,1,0,2,3,0,0,0,0
g368,nor,n349,"n334, n339",2,0,0,0,6,2,2,5,0,13,0,9,4,0,0,0,0,0,18,0,13,24,0,0,0,0
g369,not,n457,n21[2],1,0,0,1,2,5,5,2,0,34,0,13,7,0,1,6,0,0,0,0,0,1,0,0,0,0
g370,nor,n373,"n208, n370",2,0,0,0,3,8,4,3,0,6,0,2,0,0,0,0,0,0,20,0,14,25,0,1,1,0
g371,dff,n10[6],"n1, 1'b1, n0, n495",4,1,1,1,1,0,0,1,0,0,0,0,0,0,0,0,0,0,0,0,0,0,0,0,0,0
g372,nor,n502,"n37[2], n350",2,0,0,1,2,6,1,0,0,3,0,2,1,0,0,0,0,0,18,0,14,24,0,0,0,0
g373,nor,n280,"n456, n209",2,0,0,0,3,4,4,3,0,34,0,13,1,0,1,6,0,0,1,0,2,3,0,0,0,0
g374,dff,n29[6],"n1, 1'b1, n0, n29[4]",4,1,1,1,1,7,0,0,0,0,0,0,0,0,0,0,0,0,0,0,0,0,0,0,0,0
g375,dff,n40[3],"n1, 1'b1, n0, n147",4,1,1,1,1,8,0,1,0,0,0,0,0,0,0,0,0,0,0,0,0,0,0,0,0,0
g376,dff,n37[0],"n1, 1'b1, n0, n38[0]",4,1,1,1,1,6,0,1,0,0,0,0,0,0,0,0,0,0,0,0,0,0,0,0,0,0
g377,dff,n28[4],"n1, 1'b1, n0, n28[2]",4,1,1,1,1,8,0,0,0,0,0,0,0,0,0,0,0,0,0,0,0,0,0,0,0,0
g378,or,n507,"n400, n416",2,0,0,0,5,5,1,0,0,4,0,1,0,0,0,0,0,0,88,0,61,111,0,4,12,0
g379,dff,n23[0],"n1, 1'b1, n0, n97",4,1,1,1,1,7,0,0,0,0,0,0,0,0,0,0,0,0,0,0,0,0,0,0,0,0
g380,nor,n245,"n485, n214",2,0,0,0,3,4,4,3,0,34,0,13,6,0,1,6,0,0,2,0,1,4,0,0,0,0
g381,dff,n30[0],"n1, 1'b1, n0, n160",4,1,1,1,1,7,0,0,0,0,0,0,0,0,0,0,0,0,0,0,0,0,0,0,0,0
g382,xor,n97,"n2[12], n3[6]",2,0,0,1,1,8,1,0,0,0,0,0,0,0,1,0,0,0,0,0,0,0,0,0,0,0
g383,xor,n78,"n46[2], n7[3]",2,0,0,1,1,9,1,0,0,0,0,0,0,0,1,0,0,0,0,0,0,0,0,1,0,0
g384,or,n302,"n256, n260",2,0,0,0,4,4,4,4,0,5,0,3,2,0,0,0,0,0,3,0,4,7,0,0,0,0
g385,xnor,n375,"n34[2], n367",2,0,0,1,2,11,6,2,0,25,0,10,5,0,0,5,0,0,19,0,12,24,0,1,2,0
g386,dff,n34[4],"n1, 1'b1, n0, n94",4,1,1,1,1,10,0,1,0,0,0,0,0,0,0,0,0,0,0,0,0,0,0,0,0,0
g387,nor,n251,"n184, n212",2,0,0,0,3,8,3,3,0,5,0,2,1,0,0,0,0,0,2,0,1,3,0,0,0,0
g388,dff,n35[3],"n1, 1'b1, n0, n170",4,1,1,1,1,10,0,1,0,0,0,0,0,0,0,0,0,0,0,0,0,0,0,0,0,0
g389,or,n345,"n320, n318",2,0,0,0,5,2,2,5,0,33,0,12,1,0,1,6,0,0,11,0,4,12,0,0,0,0
g390,xor,n134,"n29[2], n40[2]",2,0,0,1,2,7,1,0,0,0,0,0,0,0,1,0,0,0,0,0,0,0,0,1,0,0
g391,xnor,n115,"n5[0], n8[0]",2,0,0,1,1,10,2,-1,0,0,0,0,0,0,1,1,0,0,0,0,0,0,0,0,0,0
g392,not,n184,n36[0],1,0,0,1,2,9,4,2,0,5,0,2,2,0,0,0,0,0,0,0,0,1,0,0,0,0
g393,not,n491,n15[0],1,0,0,1,2,5,5,2,0,26,0,11,6,0,1,4,0,0,0,0,0,1,0,0,0,0
g394,dff,n25[1],"n1, 1'b1, n0, n2[7]",4,1,1,1,1,8,0,0,0,0,0,0,0,0,0,0,0,0,0,0,0,0,0,0,0,0
g395,xor,n153,"n27[2], n43[2]",2,0,0,1,2,7,1,0,0,0,0,0,0,0,1,0,0,0,0,0,0,0,0,1,0,0
g396,or,n524,"n519, n518",2,0,0,0,5,4,4,3,0,3,0,1,0,0,0,0,0,0,1,0,0,2,0,0,0,0
g397,or,n67,"n52, n30[4]",2,0,0,1,2,5,4,1,0,2,0,1,0,0,1,0,0,0,1,0,0,1,0,0,0,0
g398,not,n195,n32[3],1,0,0,1,2,9,5,1,0,6,0,2,1,0,0,0,0,0,0,0,0,1,0,0,0,0
g399,or,n505,"n340, n428",2,0,0,0,6,5,1,0,0,4,0,1,0,0,0,0,0,0,115,0,74,142,0,5,21,0
g400,dff,n10[1],"n1, 1'b1, n0, n498",4,1,1,1,1,0,0,1,0,0,0,0,0,0,0,0,0,0,0,0,0,0,0,0,0,0
g401,dff,n26[5],"n1, 1'b1, n0, n26[3]",4,1,1,1,1,8,0,0,0,0,0,0,0,0,0,0,0,0,0,0,0,0,0,0,0,0
g402,not,n516,n502,1,0,0,0,3,5,5,1,0,3,0,1,1,0,0,0,0,0,18,0,14,25,0,0,0,0
g403,or,n346,"n323, n319",2,0,0,0,5,2,2,5,0,25,0,10,1,0,1,4,0,0,7,0,8,12,0,0,0,0
g404,dff,n14[3],"n1, 1'b1, n0, n129",4,1,1,1,1,6,0,1,0,0,0,0,0,0,0,0,0,0,0,0,0,0,0,0,0,0
g405,or,n306,"n226, n254",2,0,0,0,4,4,4,4,0,5,0,3,1,0,0,0,0,0,5,0,2,7,0,0,0,0
g406,or,n532,"n527, n526",2,0,0,0,5,3,3,3,0,2,0,1,0,0,0,0,0,0,283,0,200,366,0,9,33,0
g407,dff,n23[4],"n1, 1'b1, n0, n23[2]",4,1,1,1,1,8,0,0,0,0,0,0,0,0,0,0,0,0,0,0,0,0,0,0,0,0
g408,or,n506,"n335, n427",2,0,0,0,6,6,1,0,0,4,0,1,1,0,0,0,0,0,117,0,78,150,0,5,21,0
g409,xor,n84,"n42[3], n6[3]",2,0,0,1,1,9,1,0,0,0,0,0,0,0,1,0,0,0,0,0,0,0,0,1,0,0
g410,xnor,n404,"n388, n31[3]",2,0,0,1,2,9,5,2,0,19,0,8,1,0,0,2,0,0,19,0,12,24,0,1,5,0
g411,dff,n15[6],"n1, 1'b1, n0, n29[6]",4,1,1,1,1,7,0,1,0,0,0,0,0,0,0,0,0,0,0,0,0,0,0,0,0,0
g412,nor,n246,"n442, n214",2,0,0,0,3,4,4,3,0,34,0,13,1,0,1,6,0,0,2,0,1,4,0,0,0,0
g413,or,n149,"n65, n61",2,0,0,0,3,5,4,3,0,2,0,1,0,0,1,0,0,0,3,0,0,2,0,0,0,0
g414,dff,n17[2],"n1, 1'b1, n0, n153",4,1,1,1,1,6,0,1,0,0,0,0,0,0,0,0,0,0,0,0,0,0,0,0,0,0
g415,not,n471,n20[2],1,0,0,1,2,5,5,2,0,34,0,13,7,0,1,6,0,0,0,0,0,1,0,0,0,0
g416,nor,n282,"n445, n210",2,0,0,0,3,4,4,2,0,26,0,11,5,0,1,4,0,0,2,0,1,2,0,0,0,0
g417,not,n517,n47[1],1,0,0,1,4,5,5,2,0,3,0,1,1,0,0,0,0,0,0,0,0,1,0,0,0,0
g418,dff,n36[0],"n1, 1'b1, n0, n136",4,1,1,1,1,10,0,1,0,0,0,0,0,0,0,0,0,0,0,0,0,0,0,0,0,0
g419,not,n496,n352,1,0,0,0,7,1,1,0,0,0,0,0,1,0,0,0,0,0,18,0,13,25,0,0,0,0
g420,xor,n93,"n40[0], n7[1]",2,0,0,1,1,9,1,0,0,0,0,0,0,0,1,0,0,0,0,0,0,0,0,1,0,0
g421,xor,n109,"n26[2], n44[2]",2,0,0,1,2,7,1,0,0,0,0,0,0,0,1,0,0,0,0,0,0,0,0,1,0,0
g422,dff,n47[1],"n512, 1'b1, n0, n507",4,1,1,1,3,6,0,1,0,0,0,0,0,0,0,0,0,0,0,0,0,0,0,0,0,0
g423,nor,n256,"n479, n213",2,0,0,0,3,5,5,3,0,5,0,4,2,0,0,0,0,0,1,0,2,4,0,0,0,0
g424,xnor,n122,"n5[3], n8[3]",2,0,0,1,1,9,2,-1,0,0,0,0,0,0,1,1,0,0,0,0,0,0,0,0,0,0
g425,not,n187,n35[2],1,0,0,1,2,10,5,2,0,6,0,2,2,0,0,0,0,0,0,0,0,1,0,0,0,0
g426,nor,n501,"n37[2], n352",2,0,0,1,2,5,1,0,0,3,0,2,0,0,0,0,0,0,18,0,14,24,0,0,0,0
g427,dff,n38[0],"n1, 1'b1, n0, n57",4,1,1,1,1,7,0,0,0,0,0,0,0,0,0,0,0,0,0,0,0,0,0,0,0,0
g428,xnor,n165,"n124, n31[2]",2,0,0,1,2,12,1,0,0,0,0,0,0,0,0,1,0,0,0,0,0,0,0,0,2,0
g429,dff,n15[7],"n1, 1'b1, n0, n29[7]",4,1,1,1,1,7,0,1,0,0,0,0,0,0,0,0,0,0,0,0,0,0,0,0,0,0
g430,not,n430,n15[1],1,0,0,1,2,5,5,2,0,26,0,11,2,0,1,4,0,0,0,0,0,1,0,0,0,0
g431,dff,n33[3],"n1, 1'b1, n0, n75",4,1,1,1,1,10,0,1,0,0,0,0,0,0,0,0,0,0,0,0,0,0,0,0,0,0
g432,nor,n358,"n34[5], n494",2,0,0,1,2,8,4,1,0,5,0,3,0,0,0,0,0,0,18,0,14,25,0,0,0,0
g433,or,n152,"n68, n62",2,0,0,0,3,5,4,2,0,2,0,1,0,0,1,0,0,0,3,0,0,2,0,0,0,0
g434,dff,n32[2],"n1, 1'b1, n0, n177",4,1,1,1,1,1,0,0,0,0,0,0,0,0,0,0,0,0,0,0,0,0,0,0,0,0
g435,dff,n29[0],"n1, 1'b1, n0, n174",4,1,1,1,1,8,0,0,0,0,0,0,0,0,0,0,0,0,0,0,0,0,0,0,0,0
g436,nor,n285,"n459, n215",2,0,0,0,3,5,5,2,0,15,0,10,1,0,0,0,0,0,2,0,1,3,0,0,0,0
g437,xnor,n70,"n8[3], n34[3]",2,0,0,1,1,13,2,2,0,0,0,0,0,0,0,2,0,0,0,0,0,0,0,0,1,0
g438,not,n54,n30[8],1,0,0,1,2,6,5,2,0,2,0,1,1,0,1,0,0,0,0,0,0,1,0,0,0,0
g439,dff,n27[2],"n1, 1'b1, n0, n27[0]",4,1,1,1,1,6,0,0,0,0,0,0,0,0,0,0,0,0,0,0,0,0,0,0,0,0
g440,not,n180,n37[1],1,0,0,1,2,6,5,2,0,762,0,349,98,0,16,80,0,0,0,0,0,1,0,0,0,0
g441,nor,n235,"n467, n214",2,0,0,0,3,4,4,2,0,26,0,11,5,0,1,4,0,0,2,0,1,4,0,0,0,0
g442,xnor,n377,"n34[1], n370",2,0,0,1,2,10,6,2,0,17,0,8,1,0,0,3,0,0,19,0,12,24,0,1,2,0
g443,not,n477,n18[7],1,0,0,1,2,6,6,2,0,5,0,4,2,0,0,0,0,0,0,0,0,1,0,0,0,0
g444,dff,n30[12],"n1, 1'b1, n0, n30[4]",4,1,1,1,1,8,0,1,0,0,0,0,0,0,0,0,0,0,0,0,0,0,0,0,0,0
g445,nor,n275,"n430, n216",2,0,0,0,3,4,4,3,0,26,0,11,1,0,1,4,0,0,1,0,2,3,0,0,0,0
g446,not,n191,n35[0],1,0,0,1,2,9,4,2,0,5,0,2,2,0,0,0,0,0,0,0,0,1,0,0,0,0
g447,nor,n238,"n458, n212",2,0,0,0,3,5,5,3,0,5,0,4,2,0,0,0,0,0,2,0,1,3,0,0,0,0
g448,xnor,n72,"n2[10], n3[5]",2,0,0,1,1,9,2,-1,0,0,0,0,0,0,0,2,0,0,0,0,0,0,0,0,0,0
g449,nor,n384,"n216, n381",2,0,0,0,3,8,4,3,0,6,0,2,0,0,0,0,0,0,20,0,14,26,0,1,3,0
g450,dff,n39[3],"n1, 1'b1, n0, n95",4,1,1,1,1,8,0,1,0,0,0,0,0,0,0,0,0,0,0,0,0,0,0,0,0,0
g451,xor,n176,"n32[3], n166",2,0,0,1,2,2,1,0,0,0,0,0,0,0,1,0,0,0,6,0,1,4,0,1,0,0
g452,dff,n25[0],"n1, 1'b1, n0, n172",4,1,1,1,1,7,0,0,0,0,0,0,0,0,0,0,0,0,0,0,0,0,0,0,0,0
g453,dff,n30[2],"n1, 1'b1, n0, n162",4,1,1,1,1,7,0,0,0,0,0,0,0,0,0,0,0,0,0,0,0,0,0,0,0,0
g454,dff,n22[7],"n1, 1'b1, n0, n22[5]",4,1,1,1,1,7,0,0,0,0,0,0,0,0,0,0,0,0,0,0,0,0,0,0,0,0
g455,xnor,n376,"n34[3], n369",2,0,0,1,2,10,6,2,0,25,0,10,1,0,0,5,0,0,19,0,12,24,0,1,2,0
g456,dff,n33[1],"n1, 1'b1, n0, n158",4,1,1,1,1,10,0,1,0,0,0,0,0,0,0,0,0,0,0,0,0,0,0,0,0,0
g457,or,n400,"n250, n395",2,0,0,0,4,6,2,4,0,5,0,1,0,0,0,0,0,0,44,0,32,54,0,2,4,0
g458,nor,n267,"n455, n215",2,0,0,0,3,5,5,2,0,15,0,10,4,0,0,0,0,0,2,0,1,3,0,0,0,0
g459,or,n307,"n270, n269",2,0,0,0,4,8,3,3,0,6,0,1,1,0,0,0,0,0,5,0,2,5,0,0,0,0
g460,not,n197,n25[1],1,0,0,1,2,9,5,1,0,5,0,3,1,0,0,0,0,0,0,0,0,1,0,0,0,0
g461,or,n334,"n308, n305",2,0,0,0,5,3,3,4,0,14,0,9,4,0,0,0,0,0,11,0,4,12,0,0,0,0
g462,nor,n221,"n475, n208",2,0,0,0,3,4,4,3,0,26,0,11,5,0,1,4,0,0,1,0,2,2,0,0,0,0
g463,dff,n47[0],"n512, 1'b1, n0, n508",4,1,1,1,3,5,0,1,0,0,0,0,0,0,0,0,0,0,0,0,0,0,0,0,0,0
g464,not,n453,n24[2],1,0,0,1,2,5,5,2,0,34,0,13,7,0,1,6,0,0,0,0,0,1,0,0,0,0
g465,not,n448,n27[6],1,0,0,1,2,6,6,1,0,15,0,10,5,0,0,0,0,0,0,0,0,1,0,0,0,0
g466,xor,n137,"n29[3], n40[3]",2,0,0,1,2,7,1,0,0,0,0,0,0,0,1,0,0,0,0,0,0,0,0,1,0,0
g467,not,n512,n511,1,0,0,0,2,1,1,-1,0,0,0,0,1,0,0,0,0,0,0,0,0,1,0,0,0,0
g468,or,n344,"n317, n314",2,0,0,0,5,2,2,5,0,33,0,12,1,0,1,6,0,0,7,0,8,12,0,0,0,0
g469,nor,n409,"n401, n405",2,0,0,0,4,8,3,3,0,5,0,2,1,0,0,0,0,0,40,0,28,53,0,2,8,0
g470,nor,n274,"n452, n215",2,0,0,0,3,4,4,2,0,26,0,11,5,0,1,4,0,0,2,0,1,3,0,0,0,0
g471,nor,n211,"n198, n204",2,0,0,0,3,8,4,3,0,10,0,5,1,0,0,0,0,0,0,0,3,2,0,0,0,0
g472,not,n438,n15[3],1,0,0,1,2,5,5,2,0,34,0,13,2,0,1,6,0,0,0,0,0,1,0,0,0,0
g473,xor,n130,"n16[2], n39[2]",2,0,0,1,2,7,1,0,0,0,0,0,0,0,1,0,0,0,0,0,0,0,0,1,0,0
g474,xnor,n158,"n9[1], n69",2,0,0,1,1,11,1,0,0,0,0,0,0,0,0,1,0,0,0,0,0,0,0,0,2,0
g475,xnor,n162,"n5[2], n113",2,0,0,1,1,8,1,0,0,0,0,0,0,0,0,1,0,0,0,0,0,0,0,0,1,0
g476,xor,n89,"n27[3], n43[3]",2,0,0,1,2,7,1,0,0,0,0,0,0,0,1,0,0,0,0,0,0,0,0,1,0,0
g477,not,n193,n36[1],1,0,0,1,2,8,4,2,0,5,0,2,1,0,0,0,0,0,0,0,0,1,0,0,0,0
g478,nor,n424,"n418, n422",2,0,0,0,4,9,4,3,0,6,0,2,1,0,0,0,0,0,42,0,32,61,0,2,12,0
g479,dff,n27[0],"n1, 1'b1, n0, n157",4,1,1,1,1,7,0,0,0,0,0,0,0,0,0,0,0,0,0,0,0,0,0,0,0,0
g480,not,n459,n26[7],1,0,0,1,2,6,6,1,0,15,0,10,2,0,0,0,0,0,0,0,0,1,0,0,0,0
g481,dff,n30[11],"n1, 1'b1, n0, n30[3]",4,1,1,1,1,7,0,1,0,0,0,0,0,0,0,0,0,0,0,0,0,0,0,0,0,0
g482,xor,n509,"n38[2], n51",2,0,0,1,2,8,1,0,0,0,0,0,0,0,1,0,0,0,0,0,1,2,0,1,0,0
g483,nor,n419,"n294, n414",2,0,0,0,4,11,6,3,0,7,0,3,1,0,0,0,0,0,20,0,15,30,0,1,6,0
g484,not,n463,n23[6],1,0,0,1,2,6,6,1,0,15,0,10,5,0,0,0,0,0,0,0,0,1,0,0,0,0
g485,not,n494,n351,1,0,0,0,7,1,1,0,0,5,0,3,1,0,0,0,0,0,18,0,13,25,0,0,0,0
g486,or,n314,"n279, n218",2,0,0,0,4,3,3,4,0,34,0,12,1,0,1,6,0,0,3,0,4,5,0,0,0,0
g487,xor,n81,"n44[3], n4[5]",2,0,0,1,1,9,1,0,0,0,0,0,0,0,1,0,0,0,0,0,0,0,0,1,0,0
g488,or,n296,"n257, n220",2,0,0,0,4,4,4,4,0,5,0,3,2,0,0,0,0,0,3,0,4,5,0,0,0,0
g489,xor,n108,"n26[3], n44[3]",2,0,0,1,2,7,1,0,0,0,0,0,0,0,1,0,0,0,0,0,0,0,0,1,0,0
g490,dff,n30[6],"n1, 1'b1, n0, n140",4,1,1,1,1,5,0,0,0,0,0,0,0,0,0,0,0,0,0,0,0,0,0,0,0,0
g491,not,n53,n30[12],1,0,0,1,2,7,6,2,0,3,0,1,1,0,1,0,0,0,0,0,0,1,0,0,0,0
g492,not,n429,n29[6],1,0,0,1,2,6,6,1,0,15,0,10,5,0,0,0,0,0,0,0,0,1,0,0,0,0
g493,nor,n281,"n451, n210",2,0,0,0,3,5,5,2,0,15,0,10,1,0,0,0,0,0,2,0,1,2,0,0,0,0
g494,nor,n219,"n435, n208",2,0,0,0,3,5,5,2,0,15,0,10,1,0,0,0,0,0,1,0,2,2,0,0,0,0
g495,or,n503,"n353, n366",2,0,0,0,4,5,1,0,0,4,0,1,0,0,0,0,0,0,57,0,47,77,0,0,0,0
g496,or,n298,"n258, n217",2,0,0,0,4,4,4,3,0,15,0,9,4,0,0,0,0,0,3,0,4,5,0,0,0,0
g497,nor,n401,"n189, n392",2,0,0,0,3,9,4,2,0,5,0,3,1,0,0,0,0,0,19,0,13,26,0,1,4,0
g498,or,n421,"n213, n417",2,0,0,0,3,9,5,2,0,7,0,2,0,0,0,0,0,0,21,0,14,27,0,1,6,0
g499,dff,n26[7],"n1, 1'b1, n0, n26[5]",4,1,1,1,1,7,0,0,0,0,0,0,0,0,0,0,0,0,0,0,0,0,0,0,0,0
g500,not,n472,n21[6],1,0,0,1,2,6,6,2,0,5,0,4,3,0,0,0,0,0,0,0,0,1,0,0,0,0
g501,or,n330,"n285, n281",2,0,0,0,4,4,4,3,0,15,0,9,1,0,0,0,0,0,5,0,2,5,0,0,0,0
g502,nor,n207,"n178, n199",2,0,0,0,3,10,6,3,0,13,0,5,1,0,0,0,0,0,0,0,2,1,0,0,0,0
g503,dff,n28[1],"n1, 1'b1, n0, n2[5]",4,1,1,1,1,8,0,0,0,0,0,0,0,0,0,0,0,0,0,0,0,0,0,0,0,0
g504,dff,n44[3],"n1, 1'b1, n0, n81",4,1,1,1,1,8,0,1,0,0,0,0,0,0,0,0,0,0,0,0,0,0,0,0,0,0
g505,dff,n28[0],"n1, 1'b1, n0, n173",4,1,1,1,1,7,0,0,0,0,0,0,0,0,0,0,0,0,0,0,0,0,0,0,0,0
g506,dff,n14[0],"n1, 1'b1, n0, n132",4,1,1,1,1,6,0,1,0,0,0,0,0,0,0,0,0,0,0,0,0,0,0,0,0,0
g507,dff,n16[6],"n1, 1'b1, n0, n16[4]",4,1,1,1,1,7,0,0,0,0,0,0,0,0,0,0,0,0,0,0,0,0,0,0,0,0
g508,dff,n10[2],"n1, 1'b1, n0, n499",4,1,1,1,1,0,0,1,0,0,0,0,0,0,0,0,0,0,0,0,0,0,0,0,0,0
g509,xnor,n123,"n2[6], n3[3]",2,0,0,1,1,9,2,-1,0,0,0,0,0,0,1,1,0,0,0,0,0,0,0,0,0,0
g510,or,n295,"n243, n238",2,0,0,0,4,4,4,4,0,5,0,3,2,0,0,0,0,0,5,0,2,7,0,0,0,0
g511,dff,n22[0],"n1, 1'b1, n0, n100",4,1,1,1,1,7,0,0,0,0,0,0,0,0,0,0,0,0,0,0,0,0,0,0,0,0
g512,buf,n13,1'b0,1,0,1,0,3,0,0,1,0,0,0,0,0,0,0,0,0,0,0,0,0,0,0,0,0,0
g513,or,n508,"n399, n415",2,0,0,0,5,6,1,0,0,4,0,1,1,0,0,0,0,0,88,0,61,111,0,4,12,0
g514,not,n456,n24[3],1,0,0,1,2,5,5,2,0,34,0,13,2,0,1,6,0,0,0,0,0,1,0,0,0,0
g515,not,n479,n20[6],1,0,0,1,2,6,6,2,0,5,0,4,3,0,0,0,0,0,0,0,0,1,0,0,0,0
g516,or,n525,"n517, n520",2,0,0,0,5,4,4,3,0,3,0,1,0,0,0,0,0,0,1,0,0,2,0,0,0,0
g517,or,n332,"n299, n297",2,0,0,0,5,2,2,5,0,33,0,12,6,0,1,6,0,0,7,0,8,12,0,0,0,0
g518,dff,n28[6],"n1, 1'b1, n0, n28[4]",4,1,1,1,1,7,0,0,0,0,0,0,0,0,0,0,0,0,0,0,0,0,0,0,0,0
g519,not,n48,n38[0],1,0,0,1,2,10,3,1,0,0,0,2,1,0,1,0,0,0,0,0,0,1,0,0,0,0
g520,or,n396,"n372, n385",2,0,0,0,4,8,3,4,0,6,0,1,1,0,0,0,0,0,41,0,31,51,0,2,4,0
g521,not,n513,n506,1,0,0,0,7,5,5,1,0,3,0,1,1,0,0,0,0,0,117,0,78,151,0,5,21,0
g522,not,n475,n14[0],1,0,0,1,2,5,5,2,0,26,0,11,6,0,1,4,0,0,0,0,0,1,0,0,0,0
g523,dff,n20[2],"n1, 1'b1, n0, n146",4,1,1,1,1,6,0,1,0,0,0,0,0,0,0,0,0,0,0,0,0,0,0,0,0,0
g524,nor,n260,"n461, n209",2,0,0,0,3,5,5,3,0,5,0,4,2,0,0,0,0,0,1,0,2,3,0,0,0,0
g525,not,n56,n30[3],1,0,0,1,2,7,6,1,0,3,0,1,1,0,1,0,0,0,0,0,0,1,0,0,0,0
g526,buf,n12[0],1'b0,1,0,1,1,-1,0,-1,-1,0,0,0,0,0,0,0,0,0,0,0,0,0,0,0,0,0,0
g527,nor,n270,"n186, n215",2,0,0,0,3,9,4,3,0,6,0,2,1,0,0,0,0,0,2,0,1,3,0,0,0,0
g528,not,n487,n17[2],1,0,0,1,2,5,5,2,0,34,0,13,7,0,1,6,0,0,0,0,0,1,0,0,0,0
g529,nor,n51,"n49, n48",2,0,0,0,3,9,2,2,0,0,0,2,0,0,1,0,0,0,0,0,1,2,0,0,0,0
g530,not,n445,n27[2],1,0,0,1,2,5,5,1,0,26,0,11,6,0,1,4,0,0,0,0,0,1,0,0,0,0
g531,xor,n79,"n45[3], n4[6]",2,0,0,1,1,9,1,0,0,0,0,0,0,0,1,0,0,0,0,0,0,0,0,1,0,0
g532,dff,n25[7],"n1, 1'b1, n0, n25[5]",4,1,1,1,1,7,0,0,0,0,0,0,0,0,0,0,0,0,0,0,0,0,0,0,0,0
g533,not,n414,n413,1,0,0,0,3,12,7,2,0,7,0,3,2,0,0,0,0,0,19,0,12,25,0,1,6,0
g534,xnor,n159,"n9[0], n71",2,0,0,1,1,12,1,0,0,0,0,0,0,0,0,1,0,0,0,0,0,0,0,0,2,0
g535,or,n339,"n300, n298",2,0,0,0,5,3,3,4,0,14,0,9,4,0,0,0,0,0,7,0,8,12,0,0,0,0
g536,not,n495,n350,1,0,0,0,7,1,1,0,0,0,0,0,1,0,0,0,0,0,18,0,13,25,0,0,0,0
g537,xnor,n388,"n32[3], n381",2,0,0,1,2,10,6,1,0,19,0,8,1,0,0,3,0,0,19,0,12,24,0,1,4,0
g538,xnor,n382,"n377, n33[1]",2,0,0,1,2,9,5,2,0,17,0,8,1,0,0,2,0,0,19,0,12,24,0,1,3,0
g539,nor,n225,"n476, n213",2,0,0,0,3,4,4,3,0,34,0,13,1,0,1,6,0,0,1,0,2,4,0,0,0,0
g540,xor,n173,"n118, n119",2,0,0,0,2,8,1,0,0,0,0,0,0,0,1,0,0,0,0,0,0,0,0,1,0,0
g541,dff,n14[6],"n1, 1'b1, n0, n16[6]",4,1,1,1,1,7,0,1,0,0,0,0,0,0,0,0,0,0,0,0,0,0,0,0,0,0
g542,nor,n266,"n448, n210",2,0,0,0,3,5,5,2,0,15,0,10,4,0,0,0,0,0,2,0,1,2,0,0,0,0
g543,not,n483,n19[2],1,0,0,1,2,5,5,2,0,34,0,13,7,0,1,6,0,0,0,0,0,1,0,0,0,0
g544,dff,n47[6],"n512, 1'b1, n0, n502",4,1,1,1,3,5,0,1,0,0,0,0,0,0,0,0,0,0,0,0,0,0,0,0,0,0
g545,not,n440,n25[2],1,0,0,1,2,5,5,1,0,39,0,17,9,0,1,4,0,0,0,0,0,1,0,0,0,0
g546,nor,n292,"n185, n215",2,0,0,0,3,8,4,3,0,6,0,2,0,0,0,0,0,0,2,0,1,3,0,0,0,0
g547,nor,n217,"n490, n208",2,0,0,0,3,5,5,2,0,15,0,10,4,0,0,0,0,0,1,0,2,2,0,0,0,0
g548,nor,n264,"n457, n215",2,0,0,0,3,4,4,3,0,34,0,13,6,0,1,6,0,0,2,0,1,3,0,0,0,0
g549,or,n304,"n231, n265",2,0,0,0,4,4,4,4,0,5,0,3,1,0,0,0,0,0,3,0,4,7,0,0,0,0
g550,xnor,n124,"n5[2], n36[2]",2,0,0,1,1,13,2,2,0,0,0,0,0,0,0,2,0,0,0,0,0,0,0,0,1,0
g551,nor,n231,"n482, n213",2,0,0,0,3,5,5,3,0,5,0,4,1,0,0,0,0,0,1,0,2,4,0,0,0,0
g552,dff,n19[7],"n1, 1'b1, n0, n23[7]",4,1,1,1,1,7,0,1,0,0,0,0,0,0,0,0,0,0,0,0,0,0,0,0,0,0
g553,nor,n365,"n357, n363",2,0,0,0,4,7,2,3,0,4,0,2,1,0,0,0,0,0,37,0,32,52,0,0,0,0
g554,dff,n27[6],"n1, 1'b1, n0, n27[4]",4,1,1,1,1,7,0,0,0,0,0,0,0,0,0,0,0,0,0,0,0,0,0,0,0,0
g555,dff,n34[0],"n1, 1'b1, n0, n107",4,1,1,1,1,12,0,1,0,0,0,0,0,0,0,0,0,0,0,0,0,0,0,0,0,0
g556,xnor,n119,"n2[4], n3[2]",2,0,0,1,1,9,2,-1,0,0,0,0,0,0,1,1,0,0,0,0,0,0,0,0,0,0
g557,dff,n46[3],"n1, 1'b1, n0, n127",4,1,1,1,1,8,0,1,0,0,0,0,0,0,0,0,0,0,0,0,0,0,0,0,0,0
g558,dff,n16[0],"n1, 1'b1, n0, n171",4,1,1,1,1,8,0,0,0,0,0,0,0,0,0,0,0,0,0,0,0,0,0,0,0,0
g559,not,n486,n14[7],1,0,0,1,2,6,6,2,0,5,0,4,2,0,0,0,0,0,0,0,0,1,0,0,0,0
g560,xnor,n168,"n74, n31[2]",2,0,0,1,2,13,1,0,0,0,0,0,0,0,0,1,0,0,0,0,0,0,0,0,2,0
g561,xor,n135,"n36[1], n5[1]",2,0,0,1,1,10,1,0,0,0,0,0,0,0,1,0,0,0,0,0,0,0,0,1,0,0
g562,or,n426,"n408, n423",2,0,0,0,4,7,3,4,0,6,0,1,0,0,0,0,0,0,61,0,42,79,0,3,17,0
g563,nor,n510,"n51, n50",2,0,0,0,3,9,1,0,0,0,0,1,0,0,0,0,0,0,0,0,3,2,0,0,0,0
g564,not,n473,n19[7],1,0,0,1,2,6,6,2,0,5,0,4,2,0,0,0,0,0,0,0,0,1,0,0,0,0
g565,or,n64,"n54, n30[9]",2,0,0,1,2,5,4,2,0,2,0,1,0,0,1,0,0,0,1,0,0,1,0,0,0,0
g566,or,n331,"n303, n311",2,0,0,0,5,2,2,4,0,25,0,10,5,0,1,4,0,0,7,0,8,12,0,0,0,0
g567,not,n449,n24[1],1,0,0,1,2,5,5,2,0,26,0,11,2,0,1,4,0,0,0,0,0,1,0,0,0,0
g568,or,n311,"n276, n221",2,0,0,0,4,3,3,4,0,26,0,10,5,0,1,4,0,0,3,0,4,5,0,0,0,0
g569,dff,n30[1],"n1, 1'b1, n0, n163",4,1,1,1,1,7,0,0,0,0,0,0,0,0,0,0,0,0,0,0,0,0,0,0,0,0
g570,xnor,n125,"n2[1], n3[1]",2,0,0,1,1,9,2,1,0,0,0,0,0,0,0,2,0,0,0,0,0,0,0,0,0,0
g571,dff,n30[3],"n1, 1'b1, n0, n161",4,1,1,1,1,8,0,0,0,0,0,0,0,0,0,0,0,0,0,0,0,0,0,0,0,0
g572,nor,n254,"n473, n212",2,0,0,0,3,5,5,3,0,5,0,4,1,0,0,0,0,0,2,0,1,3,0,0,0,0
g573,nor,n241,"n191, n214",2,0,0,0,3,8,3,3,0,5,0,2,1,0,0,0,0,0,2,0,1,4,0,0,0,0
g574,xnor,n161,"n5[3], n114",2,0,0,1,1,9,1,0,0,0,0,0,0,0,0,1,0,0,0,0,0,0,0,0,1,0
g575,nor,n268,"n489, n210",2,0,0,0,3,5,5,3,0,5,0,4,2,0,0,0,0,0,2,0,1,2,0,0,0,0
g576,xor,n359,"n499, n36[2]",2,0,0,1,2,11,6,1,0,31,0,12,6,0,1,6,0,0,19,0,12,24,0,1,0,0
g577,or,n422,"n213, n419",2,0,0,0,4,10,5,4,0,7,0,2,1,0,0,0,0,0,22,0,16,33,0,1,6,0
g578,dff,n47[3],"n512, 1'b1, n0, n505",4,1,1,1,3,6,0,1,0,0,0,0,0,0,0,0,0,0,0,0,0,0,0,0,0,0
g579,dff,n11[3],"n1, 1'b1, n0, n32[3]",4,1,1,1,1,0,0,1,0,0,0,0,0,0,0,0,0,0,0,0,0,0,0,0,0,0
g580,or,n299,"n228, n262",2,0,0,0,4,3,3,4,0,34,0,12,6,0,1,6,0,0,3,0,4,7,0,0,0,0
g581,nor,n166,"n66, n154",2,0,0,0,3,3,2,2,0,0,0,1,0,0,1,0,0,0,6,0,1,4,0,0,0,0
g582,xor,n177,"n32[2], n167",2,0,0,1,2,2,1,0,0,0,0,0,0,0,1,0,0,0,6,0,1,4,0,1,0,0
g583,or,n338,"n295, n310",2,0,0,0,5,3,3,5,0,4,0,3,2,0,0,0,0,0,11,0,4,12,0,0,0,0
g584,or,n348,"n327, n322",2,0,0,0,5,2,2,4,0,25,0,10,1,0,1,4,0,0,11,0,4,12,0,0,0,0
g585,dff,n47[5],"n512, 1'b1, n0, n503",4,1,1,1,3,6,0,1,0,0,0,0,0,0,0,0,0,0,0,0,0,0,0,0,0,0
g586,dff,n43[2],"n1, 1'b1, n0, n83",4,1,1,1,1,8,0,1,0,0,0,0,0,0,0,0,0,0,0,0,0,0,0,0,0,0
g587,or,n342,"n306, n321",2,0,0,0,5,3,3,5,0,4,0,3,1,0,0,0,0,0,11,0,4,12,0,0,0,0
g588,nor,n261,"n436, n209",2,0,0,0,3,5,5,2,0,15,0,10,4,0,0,0,0,0,1,0,2,3,0,0,0,0
g589,xor,n80,"n45[2], n7[2]",2,0,0,1,1,9,1,0,0,0,0,0,0,0,1,0,0,0,0,0,0,0,0,1,0,0
g590,dff,n32[3],"n1, 1'b1, n0, n176",4,1,1,1,1,1,0,0,0,0,0,0,0,0,0,0,0,0,0,0,0,0,0,0,0,0
g591,xnor,n378,"n34[0], n368",2,0,0,1,2,11,6,2,0,17,0,8,4,0,0,3,0,0,19,0,12,24,0,1,2,0
g592,dff,n42[1],"n1, 1'b1, n0, n86",4,1,1,1,1,8,0,1,0,0,0,0,0,0,0,0,0,0,0,0,0,0,0,0,0,0
g593,or,n337,"n304, n326",2,0,0,0,5,3,3,5,0,4,0,3,1,0,0,0,0,0,7,0,8,12,0,0,0,0
g594,dff,n16[1],"n1, 1'b1, n0, n2[1]",4,1,1,1,1,8,0,0,0,0,0,0,0,0,0,0,0,0,0,0,0,0,0,0,0,0
g595,xor,n102,"n22[3], n46[3]",2,0,0,1,2,7,1,0,0,0,0,0,0,0,1,0,0,0,0,0,0,0,0,1,0,0
g596,or,n322,"n288, n287",2,0,0,0,4,3,3,3,0,26,0,10,1,0,1,4,0,0,5,0,2,5,0,0,0,0
g597,dff,n23[6],"n1, 1'b1, n0, n23[4]",4,1,1,1,1,7,0,0,0,0,0,0,0,0,0,0,0,0,0,0,0,0,0,0,0,0
g598,dff,n31[3],"n1, 1'b1, n0, n150",4,1,1,1,1,10,0,1,0,0,0,0,0,0,0,0,0,0,0,0,0,0,0,0,0,0
g599,not,n493,n349,1,0,0,0,7,1,1,0,0,5,0,3,2,0,0,0,0,0,18,0,13,25,0,0,0,0
g600,xor,n145,"n25[1], n42[1]",2,0,0,1,2,7,1,0,0,0,0,0,0,0,1,0,0,0,0,0,0,0,0,1,0,0
g601,or,n333,"n312, n301",2,0,0,0,5,2,2,5,0,33,0,12,6,0,1,6,0,0,11,0,4,12,0,0,0,0
g602,nor,n418,"n293, n413",2,0,0,0,3,10,5,2,0,6,0,3,1,0,0,0,0,0,20,0,15,28,0,1,6,0
g603,dff,n14[7],"n1, 1'b1, n0, n16[7]",4,1,1,1,1,7,0,1,0,0,0,0,0,0,0,0,0,0,0,0,0,0,0,0,0,0
g604,or,n335,"n309, n307",2,0,0,0,5,7,2,4,0,5,0,1,1,0,0,0,0,0,11,0,4,12,0,0,0,0
g605,dff,n21[7],"n1, 1'b1, n0, n26[7]",4,1,1,1,1,7,0,1,0,0,0,0,0,0,0,0,0,0,0,0,0,0,0,0,0,0
g606,or,n313,"n277, n219",2,0,0,0,4,4,4,3,0,15,0,9,1,0,0,0,0,0,3,0,4,5,0,0,0,0
g607,dff,n27[1],"n1, 1'b1, n0, n2[9]",4,1,1,1,1,7,0,0,0,0,0,0,0,0,0,0,0,0,0,0,0,0,0,0,0,0
g608,nor,n269,"n182, n210",2,0,0,0,3,9,4,2,0,6,0,2,1,0,0,0,0,0,2,0,1,2,0,0,0,0
g609,not,n520,n47[3],1,0,0,1,4,5,5,2,0,3,0,1,1,0,0,0,0,0,0,0,0,1,0,0,0,0
g610,or,n61,"n60, n30[13]",2,0,0,1,2,6,5,2,0,3,0,1,0,0,1,0,0,0,1,0,0,1,0,0,0,0
g611,not,n181,n35[1],1,0,0,1,2,8,4,2,0,5,0,2,1,0,0,0,0,0,0,0,0,1,0,0,0,0
g612,dff,n14[1],"n1, 1'b1, n0, n131",4,1,1,1,1,6,0,1,0,0,0,0,0,0,0,0,0,0,0,0,0,0,0,0,0,0
g613,dff,n15[0],"n1, 1'b1, n0, n128",4,1,1,1,1,6,0,1,0,0,0,0,0,0,0,0,0,0,0,0,0,0,0,0,0,0
g614,nor,n420,"n190, n412",2,0,0,0,3,9,5,2,0,6,0,3,0,0,0,0,0,0,19,0,13,26,0,1,6,0
g615,dff,n31[2],"n1, 1'b1, n0, n151",4,1,1,1,1,11,0,1,0,0,0,0,0,0,0,0,0,0,0,0,0,0,0,0,0,0
g616,or,n305,"n267, n266",2,0,0,0,4,4,4,3,0,15,0,9,4,0,0,0,0,0,5,0,2,5,0,0,0,0
g617,dff,n30[4],"n1, 1'b1, n0, n133",4,1,1,1,1,6,0,0,0,0,0,0,0,0,0,0,0,0,0,0,0,0,0,0,0,0
g618,dff,n29[2],"n1, 1'b1, n0, n29[0]",4,1,1,1,1,8,0,0,0,0,0,0,0,0,0,0,0,0,0,0,0,0,0,0,0,0
g619,dff,n26[3],"n1, 1'b1, n0, n26[1]",4,1,1,1,1,6,0,0,0,0,0,0,0,0,0,0,0,0,0,0,0,0,0,0,0,0
g620,dff,n22[2],"n1, 1'b1, n0, n22[0]",4,1,1,1,1,6,0,0,0,0,0,0,0,0,0,0,0,0,0,0,0,0,0,0,0,0
g621,not,n444,n23[2],1,0,0,1,2,5,5,1,0,26,0,11,6,0,1,4,0,0,0,0,0,1,0,0,0,0
g622,or,n500,"n345, n344",2,0,0,0,6,1,1,0,0,32,0,12,1,0,1,6,0,0,19,0,12,24,0,0,0,0
g623,nor,n276,"n491, n216",2,0,0,0,3,4,4,3,0,26,0,11,5,0,1,4,0,0,1,0,2,3,0,0,0,0
g624,not,n476,n20[3],1,0,0,1,2,5,5,2,0,34,0,13,2,0,1,6,0,0,0,0,0,1,0,0,0,0
g625,dff,n25[4],"n1, 1'b1, n0, n25[2]",4,1,1,1,1,8,0,0,0,0,0,0,0,0,0,0,0,0,0,0,0,0,0,0,0,0
g626,or,n521,"n47[4], n47[6]",2,0,0,1,4,4,4,2,0,3,0,1,0,0,0,0,0,0,1,0,0,0,0,0,0,0
g627,dff,n33[2],"n1, 1'b1, n0, n77",4,1,1,1,1,11,0,1,0,0,0,0,0,0,0,0,0,0,0,0,0,0,0,0,0,0
g628,not,n390,n389,1,0,0,0,3,9,5,2,0,5,0,3,1,0,0,0,0,0,19,0,12,25,0,1,4,0
g629,dff,n16[4],"n1, 1'b1, n0, n16[2]",4,1,1,1,1,8,0,0,0,0,0,0,0,0,0,0,0,0,0,0,0,0,0,0,0,0
g630,nor,n291,"n446, n216",2,0,0,0,3,5,5,3,0,5,0,4,1,0,0,0,0,0,1,0,2,3,0,0,0,0
g631,not,n488,n18[6],1,0,0,1,2,6,6,2,0,5,0,4,3,0,0,0,0,0,0,0,0,1,0,0,0,0
g632,or,n394,"n374, n384",2,0,0,0,4,7,3,4,0,6,0,1,0,0,0,0,0,0,41,0,28,51,0,2,4,0
g633,nor,n272,"n450, n210",2,0,0,0,3,5,5,3,0,5,0,4,1,0,0,0,0,0,2,0,1,2,0,0,0,0
g634,or,n324,"n248, n227",2,0,0,0,4,4,4,3,0,15,0,9,1,0,0,0,0,0,5,0,2,7,0,0,0,0
g635,dff,n37[1],"n1, 1'b1, n0, n38[1]",4,1,1,1,1,7,0,1,0,0,0,0,0,0,0,0,0,0,0,0,0,0,0,0,0,0
g636,dff,n28[5],"n1, 1'b1, n0, n28[3]",4,1,1,1,1,8,0,0,0,0,0,0,0,0,0,0,0,0,0,0,0,0,0,0,0,0
g637,xor,n101,"n43[3], n4[4]",2,0,0,1,1,9,1,0,0,0,0,0,0,0,1,0,0,0,0,0,0,0,0,1,0,0
g638,or,n395,"n373, n386",2,0,0,0,4,7,3,4,0,6,0,1,0,0,0,0,0,0,41,0,31,51,0,2,4,0
g639,nor,n278,"n437, n209",2,0,0,0,3,5,5,2,0,15,0,10,1,0,0,0,0,0,1,0,2,3,0,0,0,0
g640,xor,n151,"n32[2], n31[2]",2,0,0,1,2,12,1,0,0,0,0,0,0,0,1,0,0,0,0,0,0,0,0,1,0,0
g641,not,n194,n36[3],1,0,0,1,2,9,5,2,0,6,0,2,1,0,0,0,0,0,0,0,0,1,0,0,0,0
g642,or,n202,"n179, n37[0]",2,0,0,1,2,6,5,2,0,184,0,84,23,0,4,20,0,0,1,0,0,1,0,0,0,0
g643,xor,n148,"n25[3], n42[3]",2,0,0,1,2,7,1,0,0,0,0,0,0,0,1,0,0,0,0,0,0,0,0,1,0,0
g644,dff,n47[7],"n512, 1'b1, n0, n501",4,1,1,1,3,6,0,1,0,0,0,0,0,0,0,0,0,0,0,0,0,0,0,0,0,0
g645,or,n347,"n324, n330",2,0,0,0,5,3,3,4,0,14,0,9,1,0,0,0,0,0,11,0,4,12,0,0,0,0
g646,nor,n371,"n208, n367",2,0,0,0,3,9,4,3,0,6,0,2,1,0,0,0,0,0,20,0,14,25,0,1,1,0
g647,nor,n355,"n34[4], n493",2,0,0,1,2,9,4,1,0,5,0,3,1,0,0,0,0,0,18,0,14,25,0,0,0,0
g648,dff,n44[2],"n1, 1'b1, n0, n82",4,1,1,1,1,8,0,1,0,0,0,0,0,0,0,0,0,0,0,0,0,0,0,0,0,0
g649,dff,n26[6],"n1, 1'b1, n0, n26[4]",4,1,1,1,1,7,0,0,0,0,0,0,0,0,0,0,0,0,0,0,0,0,0,0,0,0
g650,xnor,n369,"n361, n35[3]",2,0,0,1,2,9,5,2,0,31,0,12,1,0,0,6,0,0,19,0,12,24,0,1,1,0
g651,dff,n18[3],"n1, 1'b1, n0, n102",4,1,1,1,1,6,0,1,0,0,0,0,0,0,0,0,0,0,0,0,0,0,0,0,0,0
g652,or,n301,"n264, n263",2,0,0,0,4,3,3,4,0,34,0,12,6,0,1,6,0,0,5,0,2,5,0,0,0,0
g653,dff,n23[3],"n1, 1'b1, n0, n23[1]",4,1,1,1,1,6,0,0,0,0,0,0,0,0,0,0,0,0,0,0,0,0,0,0,0,0
g654,xor,n103,"n34[1], n8[1]",2,0,0,1,1,12,1,0,0,0,0,0,0,0,1,0,0,0,0,0,0,0,0,1,0,0
g655,dff,n22[3],"n1, 1'b1, n0, n22[1]",4,1,1,1,1,6,0,0,0,0,0,0,0,0,0,0,0,0,0,0,0,0,0,0,0,0
g656,not,n442,n18[3],1,0,0,1,2,5,5,2,0,34,0,13,2,0,1,6,0,0,0,0,0,1,0,0,0,0
g657,dff,n35[1],"n1, 1'b1, n0, n143",4,1,1,1,1,9,0,1,0,0,0,0,0,0,0,0,0,0,0,0,0,0,0,0,0,0
g658,or,n297,"n259, n222",2,0,0,0,4,3,3,4,0,34,0,12,6,0,1,6,0,0,3,0,4,5,0,0,0,0
g659,or,n393,"n371, n383",2,0,0,0,4,8,3,4,0,6,0,1,1,0,0,0,0,0,41,0,28,51,0,2,4,0
g660,not,n441,n15[6],1,0,0,1,2,6,6,2,0,5,0,4,3,0,0,0,0,0,0,0,0,1,0,0,0,0
g661,xnor,n169,"n70, n31[3]",2,0,0,1,2,12,1,0,0,0,0,0,0,0,0,1,0,0,0,0,0,0,0,0,2,0
g662,or,n406,"n213, n398",2,0,0,0,3,8,4,2,0,6,0,2,0,0,0,0,0,0,21,0,14,27,0,1,4,0
g663,or,n341,"n329, n315",2,0,0,0,5,2,2,4,0,25,0,10,5,0,1,4,0,0,11,0,4,12,0,0,0,0
g664,dff,n40[2],"n1, 1'b1, n0, n91",4,1,1,1,1,8,0,1,0,0,0,0,0,0,0,0,0,0,0,0,0,0,0,0,0,0
g665,dff,n41[2],"n1, 1'b1, n0, n88",4,1,1,1,1,8,0,1,0,0,0,0,0,0,0,0,0,0,0,0,0,0,0,0,0,0
g666,xnor,n111,"n2[0], n3[0]",2,0,0,1,1,9,2,-1,0,0,0,0,0,0,1,2,0,0,0,0,0,0,0,0,0,0
g667,xor,n75,"n33[3], n6[3]",2,0,0,1,1,11,1,0,0,0,0,0,0,0,1,0,0,0,0,0,0,0,0,1,0,0
g668,dff,n41[3],"n1, 1'b1, n0, n87",4,1,1,1,1,8,0,1,0,0,0,0,0,0,0,0,0,0,0,0,0,0,0,0,0,0
g669,dff,n27[7],"n1, 1'b1, n0, n27[5]",4,1,1,1,1,7,0,0,0,0,0,0,0,0,0,0,0,0,0,0,0,0,0,0,0,0
g670,not,n458,n19[6],1,0,0,1,2,6,6,2,0,5,0,4,3,0,0,0,0,0,0,0,0,1,0,0,0,0
g671,dff,n34[1],"n1, 1'b1, n0, n103",4,1,1,1,1,11,0,1,0,0,0,0,0,0,0,0,0,0,0,0,0,0,0,0,0,0
g672,xnor,n120,"n3[2], n35[2]",2,0,0,1,1,13,2,2,0,0,0,0,0,0,0,2,0,0,0,0,0,0,0,0,1,0
g673,xor,n128,"n29[0], n40[0]",2,0,0,1,2,7,1,0,0,0,0,0,0,0,1,0,0,0,0,0,0,0,0,1,0,0
g674,or,n309,"n237, n236",2,0,0,0,4,8,3,4,0,6,0,1,1,0,0,0,0,0,5,0,2,7,0,0,0,0
g675,not,n518,n47[7],1,0,0,1,4,5,5,2,0,3,0,1,1,0,0,0,0,0,0,0,0,1,0,0,0,0
g676,dff,n24[2],"n1, 1'b1, n0, n141",4,1,1,1,1,6,0,1,0,0,0,0,0,0,0,0,0,0,0,0,0,0,0,0,0,0
g677,or,n255,"n206, n207",2,0,0,0,3,9,5,3,0,13,0,4,1,0,0,0,0,0,1,0,4,2,0,0,0,0
g678,xor,n100,"n2[14], n3[7]",2,0,0,1,1,8,1,0,0,0,0,0,0,0,1,0,0,0,0,0,0,0,0,0,0,0
g679,xor,n136,"n36[0], n5[0]",2,0,0,1,1,11,1,0,0,0,0,0,0,0,1,0,0,0,0,0,0,0,0,1,0,0
